ADT-ADTController-end,1
ADT-ADTItem-end,1
API-API-end,1
API-APIConfig-end,1
API-APIContext-end,1
API-APIDelegate-end,1
API-APIPost-end,1
API-APIProperties-end,1
API-APIRequest-end,1
AS-ASAsync-end,1
AS-ASBasic-end,1
AS-ASDisplay-end,1
AS-ASHighlight-end,1
AS-ASText-end,1
Access-Access-end,1
Access-Accessibility-end,1
Access-Accessible-end,1
Access-Accessory-end,1
Account-Account-end,1
Account-Accounts-end,1
Action-Action-end,1
Action-Actionable-end,1
Action-Actions-end,1
Activat-Activatable-end,1
Activat-Activated-end,1
Activat-Activation-end,1
Actor-Actor-end,1
Actor-Actors-end,1
Add-Add-end,1
Add-Added-end,1
Add-Additional-end,1
Add-Additions-end,1
Add-Address-end,1
Add-Addressbook-end,1
Add-Addresses-end,1
Admin-Admin-end,1
Admin-Admined-end,1
Admin-Admins-end,1
Age-Age-end,1
Age-Agent-end,1
Aggregat-Aggregate-end,1
Aggregat-Aggregated-end,1
Aggregat-Aggregation-end,1
Aggregat-Aggregator-end,1
Album-Album-end,1
Album-Albums-end,1
Align-Align-end,1
Align-Aligned-end,1
Align-Alignment-end,1
All-All-end,1
All-Allocation-end,1
All-Allow-end,1
All-Allowed-end,1
Analys-Analyser-end,1
Analys-Analysis-end,1
Analyt-Analytic-end,1
Analyt-Analytics-end,1
Ani-Animatable-end,1
Ani-Animated-end,1
Ani-Animating-end,1
Ani-Animation-end,1
Ani-Animations-end,1
Ani-Animator-end,1
Annotat-Annotated-end,1
Annotat-Annotation-end,1
Annotat-Annotations-end,1
Announc-Announcement-end,1
Announc-Announcer-end,1
Announc-Announcing-end,1
App-App-end,1
App-Appearance-end,1
App-Append-end,1
App-Appendable-end,1
App-Appended-end,1
App-Appinvite-end,1
App-Apple-end,1
App-Application-end,1
App-Applications-end,1
App-Applied-end,1
App-Applink-end,1
App-Approval-end,1
App-Approvals-end,1
App-Approve-end,1
App-Approximate-end,1
App-Apps-end,1
Archive-Archive-end,1
Archive-Archived-end,1
Archive-Archiver-end,1
Are-Are-end,1
Are-Area-end,1
Art-Art-end,1
Art-Article-end,1
Art-Articles-end,1
Asset-Asset-end,1
Asset-Assets-end,1
Async-Async-end,1
Async-Asynchronous-end,1
Attach-Attached-end,1
Attach-Attachment-end,1
Attach-Attachments-end,1
Attribut-Attribute-end,1
Attribut-Attributed-end,1
Attribut-Attributes-end,1
Attribut-Attribution-end,1
Audienc-Audience-end,1
Audienc-Audiences-end,1
Auth-Auth-end,1
Auth-Authenticated-end,1
Auth-Authenticating-end,1
Auth-Authentication-end,1
Auth-Author-end,1
Auth-Authored-end,1
Auth-Authorization-end,1
Auth-Authors-end,1
Auto-Auto-end,1
Auto-Autocomplete-end,1
Auto-Autoforward-end,1
Auto-Automatic-end,1
Auto-Autoplay-end,1
Auto-Autosize-end,1
Auto-Autoupdater-end,1
Aware-Aware-end,1
Aware-Awareness-end,1
Back-Back-end,1
Back-Backdated-end,1
Back-Backed-end,1
Back-Background-end,1
Back-Backing-end,1
Back-Backoff-end,1
Badg-Badge-end,1
Badg-Badged-end,1
Badg-Badger-end,1
Ban-Ban-end,1
Ban-Bandwidth-end,1
Ban-Banned-end,1
Ban-Banner-end,1
Bar-Bar-end,1
Bar-Bars-end,1
Base-Base-end,1
Base-Based-end,1
Base-Baseline-end,1
Bat-Bat-end,1
Bat-Batch-end,1
Bat-Batched-end,1
Bat-Batching-end,1
Bat-Battery-end,1
Bill-Billable-end,1
Bill-Billing-end,1
Birth-Birth-end,1
Birth-Birthday-end,1
Birth-Birthdays-end,1
Black-Black-end,1
Black-Blacklist-end,1
Block-Block-end,1
Block-Blocked-end,1
Block-Blocker-end,1
Block-Blocking-end,1
Block-Blocks-end,1
Blur-Blur-end,1
Blur-Blurred-end,1
Book-Book-end,1
Book-Bookkeeper-end,1
Book-Bookmark-end,1
Book-Bookmarks-end,1
Bool-Bool-end,1
Bool-Boolean-end,1
Boost-Boost-end,1
Boost-Boosted-end,1
Boot-Boot-end,1
Boot-Bootstrap-end,1
Boot-Bootstrapper-end,1
Border-Border-end,1
Border-Bordered-end,1
Bound-Boundary-end,1
Bound-Bounding-end,1
Bound-Bounds-end,1
Box-Box-end,1
Box-Boxed-end,1
Box-Boxes-end,1
Bridg-Bridge-end,1
Bridg-Bridged-end,1
Brows-Browse-end,1
Brows-Browser-end,1
Bucket-Bucket-end,1
Bucket-Bucketizer-end,1
Budget-Budget-end,1
Budget-Budgets-end,1
Buffer-Buffer-end,1
Buffer-Buffered-end,1
Bug-Bug-end,1
Bug-Bugs-end,1
Build-Build-end,1
Build-Builder-end,1
Bus-Bus-end,1
Bus-Business-end,1
Button-Button-end,1
Button-Buttons-end,1
CTAPromot-CTAPromotion-end,1
CTAPromot-CTAPromotions-end,1
Cach-Cache-end,1
Cach-Cached-end,1
Cach-Cacher-end,1
Cach-Caching-end,1
Calcul-Calculating-end,1
Calcul-Calculation-end,1
Calcul-Calculator-end,1
Call-Call-end,1
Call-Callbacks-end,1
Call-Caller-end,1
Call-Callout-end,1
Call-Callstack-end,1
Cam-Cam-end,1
Cam-Camera-end,1
Cam-Campaign-end,1
Cam-Campaigns-end,1
Can-Can-end,1
Can-Cancel-end,1
Can-Cancelable-end,1
Can-Cancelation-end,1
Can-Canceler-end,1
Can-Cancellation-end,1
Can-Candidate-end,1
Can-Candidates-end,1
Can-Canonical-end,1
Can-Canonicalization-end,1
Can-Canvas-end,1
Cap-Cap-end,1
Cap-Capabilities-end,1
Cap-Capability-end,1
Cap-Caption-end,1
Cap-Capture-end,1
Cap-Captured-end,1
Card-Card-end,1
Card-Cardless-end,1
Card-Cards-end,1
Celebr-Celebration-end,1
Celebr-Celebrity-end,1
Cell-Cell-end,1
Cell-Cells-end,1
Center-Center-end,1
Center-Centered-end,1
Center-Centering-end,1
Chain-Chain-end,1
Chain-Chaining-end,1
Challeng-Challenge-end,1
Challeng-Challenges-end,1
Chang-Change-end,1
Chang-Changed-end,1
Chang-Changes-end,1
Chang-Changeset-end,1
Channel-Channel-end,1
Channel-Channels-end,1
Chat-Chat-end,1
Chat-Chattable-end,1
Check-Check-end,1
Check-Checker-end,1
Check-Checkin-end,1
Check-Checking-end,1
Check-Checkmark-end,1
Check-Checkout-end,1
Check-Checkpoint-end,1
Check-Checkup-end,1
Chiclet-Chiclet-end,1
Chiclet-Chiclets-end,1
Choos-Choose-end,1
Choos-Chooser-end,1
Choos-Choosers-end,1
Choos-Choosing-end,1
Chrono-Chrono-end,1
Chrono-Chronologically-end,1
Chunk-Chunk-end,1
Chunk-Chunked-end,1
Class-Class-end,1
Class-Classic-end,1
Class-Classifier-end,1
Clip-Clip-end,1
Clip-Clipping-end,1
Close-Close-end,1
Close-Closed-end,1
Cluster-Cluster-end,1
Cluster-Clusterer-end,1
Cluster-Clustering-end,1
Code-Code-end,1
Code-Coder-end,1
Code-Codes-end,1
Collaps-Collapsable-end,1
Collaps-Collapsed-end,1
Collaps-Collapsible-end,1
Collat-Collated-end,1
Collat-Collation-end,1
Collect-Collect-end,1
Collect-Collection-end,1
Collect-Collections-end,1
Collect-Collector-end,1
Color-Color-end,1
Color-Colored-end,1
Color-Colorization-end,1
Color-Colors-end,1
Combin-Combined-end,1
Combin-Combining-end,1
Command-Command-end,1
Command-Commands-end,1
Comment-Comment-end,1
Comment-Commenters-end,1
Comment-Comments-end,1
Commun-Communication-end,1
Commun-Community-end,1
Compat-Compatibility-end,1
Compat-Compatible-end,1
Complet-Complete-end,1
Complet-Completely-end,1
Complet-Completion-end,1
Compon-Component-end,1
Compon-Components-end,1
Compos-Compose-end,1
Compos-Composed-end,1
Compos-Composer-end,1
Compos-Composing-end,1
Compos-Composite-end,1
Compos-Composition-end,1
Compos-Compositor-end,1
Comput-Computation-end,1
Comput-Computer-end,1
Concurr-Concurrency-end,1
Concurr-Concurrent-end,1
Config-Config-end,1
Config-Configs-end,1
Config-Configurable-end,1
Config-Configuration-end,1
Config-Configurations-end,1
Config-Configurator-end,1
Config-Configured-end,1
Config-Configurer-end,1
Config-Configuring-end,1
Confirm-Confirm-end,1
Confirm-Confirmation-end,1
Confirm-Confirmer-end,1
Connect-Connect-end,1
Connect-Connected-end,1
Connect-Connection-end,1
Connect-Connections-end,1
Connect-Connectivity-end,1
Consist-Consistency-end,1
Consist-Consistent-end,1
Constant-Constant-end,1
Constant-Constants-end,1
Construct-Constructing-end,1
Construct-Constructor-end,1
Consum-Consumed-end,1
Consum-Consumer-end,1
Consum-Consumption-end,1
Contact-Contact-end,1
Contact-Contacts-end,1
Contain-Container-end,1
Contain-Containing-end,1
Content-Content-end,1
Content-Contents-end,1
Context-Context-end,1
Context-Contextual-end,1
Contributor-Contributor-end,1
Contributor-Contributors-end,1
Control-Control-end,1
Control-Controller-end,1
Control-Controllers-end,1
Control-Controlling-end,1
Control-Controls-end,1
Convers-Conversation-end,1
Convers-Conversations-end,1
Convers-Conversion-end,1
Convert-Convert-end,1
Convert-Converter-end,1
Coordin-Coordinates-end,1
Coordin-Coordinator-end,1
Corner-Corner-end,1
Corner-Corners-end,1
Count-Count-end,1
Count-Countdown-end,1
Count-Counted-end,1
Count-Counter-end,1
Count-Country-end,1
Count-Counts-end,1
Cover-Cover-end,1
Cover-Covering-end,1
Crash-Crash-end,1
Crash-Crashed-end,1
Creat-Create-end,1
Creat-Creating-end,1
Creat-Creation-end,1
Creat-Creative-end,1
Creat-Creator-end,1
Credenti-Credential-end,1
Credenti-Credentials-end,1
Cross-Cross-end,1
Cross-Crosshair-end,1
Crowdsourc-Crowdsourced-end,1
Crowdsourc-Crowdsourcing-end,1
Curat-Curated-end,1
Curat-Curation-end,1
Custom-Custom-end,1
Custom-Customizable-end,1
Custom-Customization-end,1
Custom-Customized-end,1
Cut-Cut-end,1
Cut-Cuts-end,1
DB-DB-end,1
DB-DBBuilder-end,1
DEPRECATED-DEPRECATED-end,1
DEPRECATED-DEPRECATEDAnnouncer-end,1
DEPRECATED-DEPRECATEDButton-end,1
DEPRECATED-DEPRECATEDConfig-end,1
DEPRECATED-DEPRECATEDDelegate-end,1
DEPRECATED-DEPRECATEDProtocol-end,1
DEPRECATED-DEPRECATEDText-end,1
Dash-Dash-end,1
Dash-Dashboard-end,1
Data-Data-end,1
Data-Database-end,1
Data-Datasource-end,1
Dealloc-Dealloc-end,1
Dealloc-Dealloc2-end,1
Debug-Debug-end,1
Debug-Debugger-end,1
Debug-Debugging-end,1
Deceler-Decelerating-end,1
Deceler-Deceleration-end,1
Decid-Decider-end,1
Decid-Deciding-end,1
Declin-Decline-end,1
Declin-Declines-end,1
Decod-Decode-end,1
Decod-Decoder-end,1
Decor-Decorated-end,1
Decor-Decoration-end,1
Decor-Decorator-end,1
Dedupl-Deduplication-end,1
Dedupl-Deduplicator-end,1
Deep-Deep-end,1
Deep-Deeplinkable-end,1
Default-Default-end,1
Default-Defaults-end,1
Defin-Defining-end,1
Defin-Definition-end,1
Delay-Delay-end,1
Delay-Delayed-end,1
Delay-Delayer-end,1
Deleg-Delegate-end,1
Deleg-Delegation-end,1
Deleg-Delegete-end,1
Delet-Delete-end,1
Delet-Deleter-end,1
Delet-Deletion-end,1
Delta-Delta-end,1
Delta-Deltas-end,1
Depend-Dependencies-end,1
Depend-Dependency-end,1
Desc-Desc-end,1
Desc-Describable-end,1
Desc-Describing-end,1
Desc-Description-end,1
Desc-Descriptor-end,1
Deseri-Deserializer-end,1
Deseri-Deserializing-end,1
Design-Design-end,1
Design-Designated-end,1
Destin-Destination-end,1
Destin-Destinations-end,1
Detail-Detail-end,1
Detail-Detailed-end,1
Detail-Details-end,1
Detect-Detect-end,1
Detect-Detection-end,1
Detect-Detector-end,1
Dev-Dev-end,1
Dev-Device-end,1
Diff-Diff-end,1
Diff-Differ-end,1
Diff-Diffs-end,1
Dim-Dimmable-end,1
Dim-Dimming-end,1
Direct-Direct-end,1
Direct-Directed-end,1
Direct-Direction-end,1
Direct-Directional-end,1
Direct-Directions-end,1
Direct-Directory-end,1
Disabl-Disable-end,1
Disabl-Disabled-end,1
Disabl-Disabling-end,1
Discard-Discard-end,1
Discard-Discardable-end,1
Discov-Discover-end,1
Discov-Discovery-end,1
Dismiss-Dismiss-end,1
Dismiss-Dismissal-end,1
Dismiss-Dismissible-end,1
Dispatch-Dispatch-end,1
Dispatch-Dispatcher-end,1
Dispatch-Dispatching-end,1
Display-Display-end,1
Display-Displayable-end,1
Display-Displayed-end,1
Display-Displayer-end,1
Dot-Dot-end,1
Dot-Dots-end,1
Down-Down-end,1
Down-Download-end,1
Down-Downloader-end,1
Down-Downloading-end,1
Drag-Draggable-end,1
Drag-Dragged-end,1
Draw-Draw-end,1
Draw-Drawable-end,1
Draw-Drawer-end,1
Draw-Drawn-end,1
Duplic-Duplicate-end,1
Duplic-Duplicated-end,1
Duplic-Duplicates-end,1
Ear-Earl-end,1
Ear-Earlier-end,1
Ear-Early-end,1
Edge-Edge-end,1
Edge-Edges-end,1
Edit-Edit-end,1
Edit-Editable-end,1
Edit-Edited-end,1
Edit-Editing-end,1
Edit-Editor-end,1
Edit-Edits-end,1
Element-Element-end,1
Element-Elements-end,1
Embed-Embed-end,1
Embed-Embedded-end,1
Embed-Embeds-end,1
Emotion-Emotion-end,1
Emotion-Emotional-end,1
Enabl-Enable-end,1
Enabl-Enabled-end,1
Encode-Encode-end,1
Encode-Encoded-end,1
Encode-Encoder-end,1
End-End-end,1
End-Ending-end,1
End-Endpoint-end,1
Entrypoint-Entrypoint-end,1
Entrypoint-Entrypoints-end,1
Enum-Enum-end,1
Enum-Enumeration-end,1
Enum-Enumerator-end,1
Error-Error-end,1
Error-Errors-end,1
Estimat-Estimate-end,1
Estimat-Estimation-end,1
Even-Even-end,1
Even-Event-end,1
Even-Events-end,1
Exception-Exception-end,1
Exception-Exceptions-end,1
Execut-Execution-end,1
Execut-Executor-end,1
Exit-Exit-end,1
Exit-Exits-end,1
Expand-Expandability-end,1
Expand-Expandable-end,1
Expand-Expanded-end,1
Expand-Expander-end,1
Expand-Expanding-end,1
Expand-Expando-end,1
Experienc-Experience-end,1
Experienc-Experiences-end,1
Experiment-Experiment-end,1
Experiment-Experiments-end,1
Export-Export-end,1
Export-Exported-end,1
Export-Exporter-end,1
Extend-Extendable-end,1
Extend-Extended-end,1
Extension-Extension-end,1
Extension-Extensions-end,1
Extra-Extra-end,1
Extra-Extraction-end,1
Extra-Extractor-end,1
Extra-Extras-end,1
FB-FBAPIAdditions-end,1
FB-FBAPIErrors-end,1
FB-FBActivity-end,1
FB-FBAlert-end,1
FB-FBAnalytics-end,1
FB-FBApp-end,1
FB-FBAsync-end,1
FB-FBAuthentication-end,1
FB-FBBase-end,1
FB-FBBookmark-end,1
FB-FBBorder-end,1
FB-FBBubble-end,1
FB-FBCAResponder-end,1
FB-FBCard-end,1
FB-FBCollection-end,1
FB-FBColor-end,1
FB-FBComment-end,1
FB-FBCompose-end,1
FB-FBComposer-end,1
FB-FBCompositor-end,1
FB-FBContainer-end,1
FB-FBCovering-end,1
FB-FBDescribable-end,1
FB-FBDismissal-end,1
FB-FBEntity-end,1
FB-FBExpanding-end,1
FB-FBFIGLayout-end,1
FB-FBFXEffect-end,1
FB-FBFeed-end,1
FB-FBFeedback-end,1
FB-FBFoundation-end,1
FB-FBGraph-end,1
FB-FBGrid-end,1
FB-FBGroups-end,1
FB-FBH264-end,1
FB-FBHighlight-end,1
FB-FBHighlighter-end,1
FB-FBID-end,1
FB-FBIDListener-end,1
FB-FBImage-end,1
FB-FBIn-end,1
FB-FBInconsistency-end,1
FB-FBIndex-end,1
FB-FBIntent-end,1
FB-FBInteractive-end,1
FB-FBJSONExtras-end,1
FB-FBJSONResponse-end,1
FB-FBKeyboard-end,1
FB-FBKit-end,1
FB-FBLayout-end,1
FB-FBLogin-end,1
FB-FBMAppearance-end,1
FB-FBMP4-end,1
FB-FBMedia-end,1
FB-FBMobile-end,1
FB-FBModal-end,1
FB-FBMovable-end,1
FB-FBNavigation-end,1
FB-FBNetwork-end,1
FB-FBNetworker-end,1
FB-FBPaper-end,1
FB-FBPhoto-end,1
FB-FBPlaces-end,1
FB-FBPopover-end,1
FB-FBPresence-end,1
FB-FBPublished-end,1
FB-FBQRCode-end,1
FB-FBRich-end,1
FB-FBRuntime-end,1
FB-FBScheduling-end,1
FB-FBSearch-end,1
FB-FBSegmented-end,1
FB-FBStack-end,1
FB-FBSupported-end,1
FB-FBSwipe-end,1
FB-FBTable-end,1
FB-FBText-end,1
FB-FBUIBase-end,1
FB-FBUIKit-end,1
FB-FBURLProtocol-end,1
FB-FBURLRequest-end,1
FB-FBUpdater-end,1
FB-FBVerve-end,1
FB-FBWeb-end,1
FB-FBZero-end,1
Face-Face-end,1
Face-Facebook-end,1
Face-Facebox-end,1
Face-Faceboxes-end,1
Face-Facecast-end,1
Face-Facepile-end,1
Face-Facer-end,1
Face-Faceweb-end,1
Fact-Fact-end,1
Fact-Factoid-end,1
Fact-Factoids-end,1
Fact-Factory-end,1
Fact-Facts-end,1
Fail-Fail-end,1
Fail-Failed-end,1
Fail-Failure-end,1
Fan-Fan-end,1
Fan-Fancy-end,1
Fan-Fans-end,1
Fav-Favorite-end,1
Fav-Favorites-end,1
Fav-Favs-end,1
Featur-Feature-end,1
Featur-Featured-end,1
Feed-Feed-end,1
Feed-Feedback-end,1
Feed-Feeds-end,1
Fetch-Fetch-end,1
Fetch-Fetched-end,1
Fetch-Fetcher-end,1
Fetch-Fetching-end,1
Field-Field-end,1
Field-Fields-end,1
Fill-Fill-end,1
Fill-Filled-end,1
Filter-Filter-end,1
Filter-Filtered-end,1
Filter-Filterer-end,1
Filter-Filteres-end,1
Filter-Filtering-end,1
Filter-Filterlist-end,1
Filter-Filters-end,1
Find-Find-end,1
Find-Finder-end,1
Fix-Fixed-end,1
Fix-Fixing-end,1
Flash-Flash-end,1
Flash-Flashing-end,1
Flat-Flat-end,1
Flat-Flattened-end,1
Flat-Flattening-end,1
Flow-Flow-end,1
Flow-Flowable-end,1
Focus-Focus-end,1
Focus-Focusable-end,1
Focus-Focused-end,1
Follow-Follow-end,1
Follow-Followed-end,1
Follow-Followers-end,1
Follow-Following-end,1
Follow-Followup-end,1
Font-Font-end,1
Font-Fonts-end,1
For-For-end,1
For-Force-end,1
For-Foreground-end,1
For-Fork-end,1
For-Form-end,1
For-Format-end,1
For-Formats-end,1
For-Formatter-end,1
For-Formatters-end,1
For-Formatting-end,1
For-Forwarder-end,1
For-Forwarding-end,1
Fragment-Fragment-end,1
Fragment-Fragments-end,1
Frame-Frame-end,1
Frame-Framed-end,1
Free-Free-end,1
Free-Freeform-end,1
Friend-Friend-end,1
Friend-Friendable-end,1
Friend-Friending-end,1
Friend-Friends-end,1
Friend-Friendship-end,1
Friend-Friendversary-end,1
Full-Full-end,1
Full-Fullscreen-end,1
GIF-GIF-end,1
GIF-GIFAnalytics-end,1
GIF-GIFBlock-end,1
GIF-GIFComponent-end,1
GIF-GIFData-end,1
GIF-GIFDownload-end,1
GIF-GIFDownloader-end,1
GIF-GIFNode-end,1
GIF-GIFProtocol-end,1
GIF-GIFSpecifier-end,1
GIF-GIFUpload-end,1
GIF-GIFVideo-end,1
GIF-GIFs-end,1
GL-GLConnection-end,1
GL-GLExecution-end,1
GL-GLPipe-end,1
GL-GLRequest-end,1
GL-GLog-end,1
Game-Game-end,1
Game-Games-end,1
Game-Gametime-end,1
Gate-Gate-end,1
Gate-Gated-end,1
Gate-Gatekeeper-end,1
Gate-Gatekeepers-end,1
Gen-Gen-end,1
Gen-Gender-end,1
Gen-General-end,1
Gen-Generate-end,1
Gen-Generated-end,1
Gen-Generating-end,1
Gen-Generator-end,1
Gen-Generic-end,1
Geo-Geo-end,1
Geo-Geocode-end,1
Geo-Geocoding-end,1
Geo-Geometric-end,1
Geo-Geometry-end,1
Good-Good-end,1
Good-Goods-end,1
Good-Goodwill-end,1
Graph-Graph-end,1
Graph-Graphic-end,1
Graph-Graphics-end,1
Graph-Graphql-end,1
Group-Group-end,1
Group-Grouper-end,1
Group-Groups-end,1
Grow-Grow-end,1
Grow-Growing-end,1
Grow-Growth-end,1
Guest-Guest-end,1
Guest-Guestlist-end,1
Guest-Guests-end,1
Guid-Guide-end,1
Guid-Guided-end,1
Guid-Guides-end,1
Gutter-Gutter-end,1
Gutter-Guttered-end,1
HPP-HPPAnalytics-end,1
HPP-HPPContext-end,1
HPP-HPPFeed-end,1
HPP-HPPHScroll-end,1
HTML-HTML-end,1
HTML-HTMLProtocol-end,1
Handl-Handle-end,1
Handl-Handler-end,1
Handl-Handling-end,1
Has-Has-end,1
Has-Hash-end,1
Has-Hashtag-end,1
Head-Head-end,1
Head-Header-end,1
Head-Headerless-end,1
Head-Headers-end,1
Head-Headline-end,1
Head-Heads-end,1
Help-Helper-end,1
Help-Helpers-end,1
Help-Helping-end,1
Hide-Hide-end,1
Hide-Hideable-end,1
High-High-end,1
High-Higher-end,1
High-Highlight-end,1
High-Highlighted-end,1
High-Highlighting-end,1
High-Highlights-end,1
Hold-Holder-end,1
Hold-Holding-end,1
Hold-Holdout-end,1
Hook-Hook-end,1
Hook-Hookable-end,1
Hook-Hooking-end,1
Host-Host-end,1
Host-Hosting-end,1
Host-Hosts-end,1
Hour-Hour-end,1
Hour-Hours-end,1
Hscroll-Hscroll-end,1
Hscroll-Hscrolls-end,1
Hug-Huge-end,1
Hug-Hugging-end,1
ID-IDCache-end,1
ID-IDData-end,1
ID-IDDownload-end,1
ID-IDFor-end,1
ID-IDGenerating-end,1
ID-IDGenerator-end,1
ID-IDKey-end,1
ID-IDKeychain-end,1
ID-IDPair-end,1
ID-IDPassword-end,1
ID-IDProvider-end,1
ID-IDQuery-end,1
ID-IDRequest-end,1
ID-IDState-end,1
ID-IDStore-end,1
ID-IDTo-end,1
ID-IDView-end,1
ID-IDs-end,1
Icon-Icon-end,1
Icon-Icons-end,1
Identif-Identification-end,1
Identif-Identifier-end,1
Image-Image-end,1
Image-Images-end,1
Impl-Impl-end,1
Impl-Implementation-end,1
Impl-Implicit-end,1
Import-Import-end,1
Import-Imported-end,1
Import-Importer-end,1
Impression-Impression-end,1
Impression-Impressions-end,1
Index-Index-end,1
Index-Indexed-end,1
Index-Indexer-end,1
Inferenc-Inference-end,1
Inferenc-Inferences-end,1
Inflate-Inflate-end,1
Inflate-Inflated-end,1
Info-Info-end,1
Info-Information-end,1
Info-Infos-end,1
Initial-Initial-end,1
Initial-Initialization-end,1
Initial-Initializer-end,1
Initial-Initializing-end,1
Inject-Injected-end,1
Inject-Injection-end,1
Inset-Inset-end,1
Inset-Insets-end,1
Install-Install-end,1
Install-Installed-end,1
Instruction-Instruction-end,1
Instruction-Instructions-end,1
Integrat-Integrate-end,1
Integrat-Integration-end,1
Interact-Interaction-end,1
Interact-Interactions-end,1
Interact-Interactive-end,1
Interact-Interactor-end,1
Interact-Interactors-end,1
Interest-Interest-end,1
Interest-Interested-end,1
Interest-Interesting-end,1
Interest-Interests-end,1
Interfac-Interface-end,1
Interfac-Interfaces-end,1
Interpret-Interpreter-end,1
Interpret-Interpreting-end,1
Interval-Interval-end,1
Interval-Intervals-end,1
Intro-Intro-end,1
Intro-Introduction-end,1
Invalid-Invalid-end,1
Invalid-Invalidating-end,1
Invalid-Invalidation-end,1
Invalid-Invalidator-end,1
Invalid-Invalidly-end,1
Invite-Invite-end,1
Invite-Invited-end,1
Invite-Invitee-end,1
Invite-Invitees-end,1
Invite-Invites-end,1
Item-Item-end,1
Item-Items-end,1
JPEG-JPEG-end,1
JPEG-JPEGUpdate-end,1
Join-Join-end,1
Join-Joined-end,1
Join-Joint-end,1
Keep-Keep-end,1
Keep-Keeper-end,1
Key-Key-end,1
Key-Keyboard-end,1
Key-Keychain-end,1
Key-Keyed-end,1
Key-Keyframe-end,1
Key-Keys-end,1
Key-Keyword-end,1
Key-Keywords-end,1
Label-Label-end,1
Label-Labeled-end,1
Label-Labeling-end,1
Label-Labels-end,1
Land-Landing-end,1
Land-Landscape-end,1
Layer-Layer-end,1
Layer-Layered-end,1
Layer-Layers-end,1
Layout-Layout-end,1
Layout-Layouts-end,1
Leagu-League-end,1
Leagu-Leagues-end,1
Lear-Lear-end,1
Lear-Learn-end,1
Level-Level-end,1
Level-Levels-end,1
Lib-Lib-end,1
Lib-Library-end,1
Life-Life-end,1
Life-Lifecycle-end,1
Life-Lifestyle-end,1
Like-Like-end,1
Like-Likeable-end,1
Like-Liked-end,1
Like-Liker-end,1
Like-Likers-end,1
Like-Likes-end,1
Limit-Limit-end,1
Limit-Limiter-end,1
Limit-Limiting-end,1
Line-Line-end,1
Line-Linear-end,1
Line-Lines-end,1
Line-Lineup-end,1
Link-Link-end,1
Link-Linked-end,1
Link-Linking-end,1
Link-Links-end,1
Link-Linkshim-end,1
List-List-end,1
List-Listener-end,1
List-Listening-end,1
List-Lists-end,1
Load-Load-end,1
Load-Loaded-end,1
Load-Loader-end,1
Load-Loading-end,1
Load-Loads-end,1
Local-Local-end,1
Local-Locale-end,1
Local-Localization-end,1
Local-Localized-end,1
Locat-Located-end,1
Locat-Location-end,1
Locat-Locations-end,1
Lock-Locking-end,1
Lock-Lockout-end,1
Log-Log-end,1
Log-Logarithmic-end,1
Log-Logged-end,1
Log-Logger-end,1
Log-Logging-end,1
Log-Login-end,1
Log-Logo-end,1
Log-Logout-end,1
Log-Logs-end,1
Look-Look-end,1
Look-Lookaside-end,1
Look-Lookup-end,1
Loop-Loop-end,1
Loop-Loops-end,1
Low-Low-end,1
Low-Lowpass-end,1
MN-MNImage-end,1
MN-MNLabel-end,1
MN-MNScroll-end,1
MN-MNThread-end,1
MN-MNUIKit-end,1
MN-MNView-end,1
MQTT-MQTTBroadcaster-end,1
MQTT-MQTTListener-end,1
MQTT-MQTTPublisher-end,1
MQTT-MQTTSender-end,1
MQTT-MQTTService-end,1
MQTT-MQTTTopic-end,1
Macro-Macro-end,1
Macro-Macros-end,1
Mail-Mail-end,1
Mail-Mailing-end,1
Manag-Manage-end,1
Manag-Management-end,1
Manag-Manager-end,1
Manag-Managing-end,1
Map-Map-end,1
Map-Mapper-end,1
Map-Mapping-end,1
Mark-Mark-end,1
Mark-Marker-end,1
Match-Match-end,1
Match-Matching-end,1
Max-Max-end,1
Max-Maximum-end,1
May-May-end,1
May-Maybe-end,1
May-Maybes-end,1
Measur-Measurements-end,1
Measur-Measurer-end,1
Media-Media-end,1
Media-Mediator-end,1
Megaphon-Megaphone-end,1
Megaphon-Megaphones-end,1
Mem-Mem-end,1
Mem-Member-end,1
Mem-Members-end,1
Mem-Membership-end,1
Mem-Memoized-end,1
Mem-Memoizer-end,1
Mem-Memorial-end,1
Mem-Memorialized-end,1
Mem-Memory-end,1
Mention-Mention-end,1
Mention-Mentioned-end,1
Mention-Mentioning-end,1
Mention-Mentions-end,1
Menu-Menu-end,1
Menu-Menus-end,1
Messag-Message-end,1
Messag-Messages-end,1
Messag-Messaging-end,1
Meta-Meta-end,1
Meta-Metadata-end,1
Meta-Metapage-end,1
Meter-Metered-end,1
Meter-Meters-end,1
Method-Method-end,1
Method-Methods-end,1
Metric-Metric-end,1
Metric-Metrics-end,1
Mic-Mic-end,1
Mic-Microphone-end,1
Middl-Middle-end,1
Middl-Middleman-end,1
Migrat-Migrate-end,1
Migrat-Migration-end,1
Min-Min-end,1
Min-Mini-end,1
Min-Minimal-end,1
Min-Minimize-end,1
Min-Minimorph-end,1
Min-Minimorphability-end,1
Min-Mininum-end,1
Min-Miniphone-end,1
Min-Minutiae-end,1
Mix-Mixed-end,1
Mix-Mixin-end,1
Modal-Modal-end,1
Modal-Modally-end,1
Modal-Modals-end,1
Mode-Mode-end,1
Mode-Model-end,1
Modif-Modification-end,1
Modif-Modified-end,1
Modif-Modifier-end,1
Modif-Modifying-end,1
Modul-Module-end,1
Modul-Modules-end,1
Moment-Moment-end,1
Moment-Moments-end,1
Monitor-Monitor-end,1
Monitor-Monitoring-end,1
Movi-Movie-end,1
Movi-Movies-end,1
Movi-Moving-end,1
Multi-Multi-end,1
Multi-Multipart-end,1
Multi-Multipicker-end,1
Multi-Multiple-end,1
Multi-Multiplex-end,1
Multi-Multishare-end,1
Music-Music-end,1
Music-Musician-end,1
Mutat-Mutate-end,1
Mutat-Mutating-end,1
Mutat-Mutation-end,1
Mutat-Mutations-end,1
Mutat-Mutator-end,1
NFX-NFXHide-end,1
NFX-NFXReport-end,1
NFX-NFXUnfollow-end,1
NS-NSArray-end,1
NS-NSData-end,1
NS-NSDictionary-end,1
NS-NSString-end,1
NS-NSUser-end,1
NUX-NUX-end,1
NUX-NUXBubble-end,1
NUX-NUXChat-end,1
NUX-NUXContent-end,1
NUX-NUXContext-end,1
NUX-NUXController-end,1
NUX-NUXData-end,1
NUX-NUXExperiment-end,1
NUX-NUXFacepile-end,1
NUX-NUXInterstitial-end,1
NUX-NUXIntroduction-end,1
NUX-NUXLearn-end,1
NUX-NUXList-end,1
NUX-NUXManager-end,1
NUX-NUXModule-end,1
NUX-NUXNav-end,1
NUX-NUXNotification-end,1
NUX-NUXPhone-end,1
NUX-NUXPresenter-end,1
NUX-NUXPrivacy-end,1
NUX-NUXProfile-end,1
NUX-NUXServer-end,1
NUX-NUXSharing-end,1
NUX-NUXStep-end,1
NUX-NUXText-end,1
NUX-NUXUnit-end,1
NUX-NUXUpdate-end,1
NUX-NUXView-end,1
Name-Name-end,1
Name-Named-end,1
Name-Names-end,1
Nav-Nav-end,1
Nav-Navigate-end,1
Nav-Navigation-end,1
Nav-Navigator-end,1
Net-Net-end,1
Net-Network-end,1
Net-Networked-end,1
Net-Networker-end,1
Net-Networking-end,1
New-New-end,1
New-Newcomer-end,1
New-Newest-end,1
New-News-end,1
New-Newsfeed-end,1
Node-Node-end,1
Node-Nodes-end,1
Non-Non-end,1
Non-Nonce-end,1
Non-None-end,1
Normal-Normal-end,1
Normal-Normalized-end,1
Not-Not-end,1
Not-Note-end,1
Not-Nothing-end,1
Not-Notice-end,1
Not-Notif-end,1
Not-Notification-end,1
Not-Notifications-end,1
Not-Notifier-end,1
Not-Notify-end,1
Not-Notifying-end,1
Num-Num-end,1
Num-Number-end,1
Num-Numeric-end,1
Num-Numerical-end,1
OTD-OTDActivity-end,1
OTD-OTDComponent-end,1
OTD-OTDData-end,1
OTD-OTDDownload-end,1
OTD-OTDLoad-end,1
OTD-OTDSection-end,1
OTD-OTDStream-end,1
OTD-OTDView-end,1
Object-Object-end,1
Object-Objects-end,1
Off-Off-end,1
Off-Offer-end,1
Off-Offers-end,1
Off-Offline-end,1
Off-Offset-end,1
Off-Offsetting-end,1
Open-Open-end,1
Open-Openable-end,1
Open-Opened-end,1
Open-Opener-end,1
Operat-Operating-end,1
Operat-Operation-end,1
Operat-Operations-end,1
Optimiz-Optimization-end,1
Optimiz-Optimizer-end,1
Option-Option-end,1
Option-Optionalization-end,1
Option-Options-end,1
Order-Order-end,1
Order-Ordered-end,1
Order-Ordering-end,1
Orientat-Orientation-end,1
Orientat-Orientations-end,1
Origin-Original-end,1
Origin-Originating-end,1
Other-Other-end,1
Other-Others-end,1
Out-Out-end,1
Out-Outbound-end,1
Out-Outbox-end,1
Out-Outgoing-end,1
Out-Outline-end,1
Out-Output-end,1
Over-Over-end,1
Over-Overflow-end,1
Over-Overhang-end,1
Over-Overlay-end,1
Over-Overlayed-end,1
Over-Overlayer-end,1
Over-Overlays-end,1
Over-Override-end,1
Over-Overrides-end,1
Over-Overriding-end,1
Over-Overscroll-end,1
Over-Overview-end,1
Owner-Owner-end,1
Owner-Ownership-end,1
PIN-PIN-end,1
PIN-PINBuilder-end,1
PYM-PYMKCell-end,1
PYM-PYMKEntity-end,1
PYM-PYMKFeed-end,1
PYM-PYMKInfinite-end,1
PYM-PYMKPYMLExperiment-end,1
PYM-PYMKRequest-end,1
PYM-PYMKUnit-end,1
PYM-PYMKXOut-end,1
PYM-PYMLFeed-end,1
PYM-PYMLHscroll-end,1
PYM-PYMLMulti-end,1
PYM-PYMLPage-end,1
PYM-PYMLWith-end,1
Pack-Pack-end,1
Pack-Package-end,1
Pack-Packer-end,1
Pack-Packet-end,1
Pack-Packetizer-end,1
Pack-Packs-end,1
Pad-Pad-end,1
Pad-Padding-end,1
Page-Page-end,1
Page-Pageable-end,1
Page-Paged-end,1
Page-Pagelike-end,1
Page-Pager-end,1
Page-Pages-end,1
Pagin-Paginated-end,1
Pagin-Pagination-end,1
Pagin-Paginator-end,1
Pagin-Paging-end,1
Pan-Pan-end,1
Pan-Pandora-end,1
Pan-Panel-end,1
Pan-Panning-end,1
Param-Paramater-end,1
Param-Parameter-end,1
Param-Parameters-end,1
Param-Params-end,1
Pars-Parsed-end,1
Pars-Parser-end,1
Pars-Parsing-end,1
Part-Part-end,1
Part-Partial-end,1
Part-Participant-end,1
Part-Participants-end,1
Part-Participating-end,1
Part-Participation-end,1
Part-Partition-end,1
Part-Party-end,1
Pass-Pass-end,1
Pass-Passcode-end,1
Pass-Passes-end,1
Pass-Passive-end,1
Pass-Passthrough-end,1
Pass-Password-end,1
Past-Past-end,1
Past-Paste-end,1
Past-Pasteboard-end,1
Path-Path-end,1
Path-Paths-end,1
Paus-Pause-end,1
Paus-Paused-end,1
Payment-Payment-end,1
Payment-Payments-end,1
Peek-Peek-end,1
Peek-Peeks-end,1
Per-Per-end,1
Per-Percent-end,1
Per-Perf-end,1
Per-Perform-end,1
Per-Performance-end,1
Per-Performer-end,1
Per-Performing-end,1
Per-Permalink-end,1
Per-Permission-end,1
Per-Permissions-end,1
Per-Peron-end,1
Per-Persist-end,1
Per-Persisted-end,1
Per-Persistence-end,1
Per-Persistent-end,1
Per-Persister-end,1
Per-Persisting-end,1
Per-Person-end,1
Per-Personal-end,1
Per-Persons-end,1
Photo-Photo-end,1
Photo-Photos-end,1
Phrase-Phrase-end,1
Phrase-Phrases-end,1
Pic-Pic-end,1
Pic-Pic50-end,1
Pic-Pick-end,1
Pic-Picked-end,1
Pic-Picker-end,1
Pic-Pickup-end,1
Pic-Picture-end,1
Pic-Pictures-end,1
Pin-Pin-end,1
Pin-Pinch-end,1
Pin-Ping-end,1
Pin-Pingback-end,1
Pin-Pinned-end,1
Pin-Pins-end,1
Pin-Pinterest-end,1
Pipe-Pipe-end,1
Pipe-Pipeline-end,1
Pivot-Pivot-end,1
Pivot-Pivots-end,1
Pixel-Pixel-end,1
Pixel-Pixellate-end,1
Pixel-Pixels-end,1
Place-Place-end,1
Place-Placeholder-end,1
Place-Places-end,1
Plain-Plain-end,1
Plain-Plaintext-end,1
Plat-Plat-end,1
Plat-Platform-end,1
Play-Play-end,1
Play-Playable-end,1
Play-Playback-end,1
Play-Player-end,1
Play-Playground-end,1
Play-Playing-end,1
Play-Playlist-end,1
Point-Point-end,1
Point-Pointer-end,1
Point-Points-end,1
Poke-Poke-end,1
Poke-Pokes-end,1
Poll-Poll-end,1
Poll-Poller-end,1
Poll-Polling-end,1
Popul-Popular-end,1
Popul-Population-end,1
Popul-Populator-end,1
Posit-Position-end,1
Posit-Positioning-end,1
Posit-Positions-end,1
Posit-Positive-end,1
Post-Post-end,1
Post-Posted-end,1
Post-Poster-end,1
Post-Posting-end,1
Post-Posts-end,1
Pre-Pre-end,1
Pre-Precheck-end,1
Pre-Precise-end,1
Pre-Predefined-end,1
Pre-Predicate-end,1
Pre-Predictions-end,1
Pre-Predownload-end,1
Pre-Pref-end,1
Pre-Preference-end,1
Pre-Preferences-end,1
Pre-Prefetch-end,1
Pre-Prefetched-end,1
Pre-Prefetcher-end,1
Pre-Prefetching-end,1
Pre-Prefill-end,1
Pre-Prefilled-end,1
Pre-Prefix-end,1
Pre-Preload-end,1
Pre-Preloadable-end,1
Pre-Premium-end,1
Pre-Preparation-end,1
Pre-Prepare-end,1
Pre-Preparer-end,1
Pre-Preparers-end,1
Pre-Presence-end,1
Pre-Presentable-end,1
Pre-Presentation-end,1
Pre-Presented-end,1
Pre-Presenter-end,1
Pre-Presenting-end,1
Pre-Press-end,1
Pre-Preview-end,1
Pre-Previews-end,1
Pre-Previously-end,1
Priorit-Prioritizing-end,1
Priorit-Priority-end,1
Process-Process-end,1
Process-Processed-end,1
Process-Processing-end,1
Process-Processor-end,1
Process-Processors-end,1
Prod-Prod-end,1
Prod-Producer-end,1
Prod-Product-end,1
Prod-Production-end,1
Prod-Products-end,1
Profil-Profile-end,1
Profil-Profiler-end,1
Profil-Profiles-end,1
Progress-Progress-end,1
Progress-Progressive-end,1
Promot-Promote-end,1
Promot-Promoted-end,1
Promot-Promoter-end,1
Promot-Promotion-end,1
Promot-Promotions-end,1
Prompt-Prompt-end,1
Prompt-Prompts-end,1
Protil-Protile-end,1
Protil-Protiles-end,1
Provid-Providable-end,1
Provid-Provider-end,1
Provid-Provides-end,1
Provid-Providing-end,1
Public-Public-end,1
Public-Publication-end,1
Public-Publications-end,1
Publish-Publish-end,1
Publish-Published-end,1
Publish-Publisher-end,1
Publish-Publishers-end,1
Publish-Publishing-end,1
Puls-Pulsar-end,1
Puls-Pulsars-end,1
Puls-Pulse-end,1
Purchas-Purchase-end,1
Purchas-Purchased-end,1
Purchas-Purchases-end,1
Purpos-Purpose-end,1
Purpos-Purposes-end,1
QL-QL-end,1
QL-QLAnalytics-end,1
QL-QLBatch-end,1
QL-QLBuilder-end,1
QL-QLCLCSuspended-end,1
QL-QLCache-end,1
QL-QLConnection-end,1
QL-QLConnectionstore-end,1
QL-QLConsistent-end,1
QL-QLContacts-end,1
QL-QLCustom-end,1
QL-QLData-end,1
QL-QLDefault-end,1
QL-QLDelta-end,1
QL-QLDownload-end,1
QL-QLEntity-end,1
QL-QLFataling-end,1
QL-QLFetch-end,1
QL-QLFetcher-end,1
QL-QLFull-end,1
QL-QLGenerated-end,1
QL-QLGuided-end,1
QL-QLHelper-end,1
QL-QLIDCache-end,1
QL-QLIDState-end,1
QL-QLIDTo-end,1
QL-QLImported-end,1
QL-QLInput-end,1
QL-QLLoader-end,1
QL-QLMQTTSubscription-end,1
QL-QLMem-end,1
QL-QLMessenger-end,1
QL-QLMutation-end,1
QL-QLMutator-end,1
QL-QLObject-end,1
QL-QLPage-end,1
QL-QLPaged-end,1
QL-QLPaginated-end,1
QL-QLQuery-end,1
QL-QLRequest-end,1
QL-QLResponse-end,1
QL-QLRocket-end,1
QL-QLSchema-end,1
QL-QLService-end,1
QL-QLSingle-end,1
QL-QLSkywalker-end,1
QL-QLStreaming-end,1
QL-QLSubscriber-end,1
QL-QLSubscription-end,1
QL-QLSync-end,1
QL-QLTaggable-end,1
QL-QLThread-end,1
QL-QLTolerant-end,1
QL-QLTree-end,1
QL-QLWrapper-end,1
QP-QPBoolean-end,1
QP-QPContextual-end,1
QP-QPEdit-end,1
QP-QPInternal-end,1
QP-QPPromotion-end,1
QP-QPString-end,1
QP-QPTemplate-end,1
QP-QPTriggers-end,1
QRCode-QRCode-end,1
QRCode-QRCodes-end,1
Queri-Queried-end,1
Queri-Queries-end,1
Question-Question-end,1
Question-Questions-end,1
Quick-Quick-end,1
Quick-Quickly-end,1
Quot-Quota-end,1
Quot-Quote-end,1
Quot-Quotes-end,1
Rang-Range-end,1
Rang-Ranged-end,1
Rang-Ranger-end,1
Rang-Ranges-end,1
Rank-Rank-end,1
Rank-Ranked-end,1
Rank-Ranking-end,1
Rate-Rate-end,1
Rate-Rated-end,1
Rate-Raters-end,1
Reach-Reach-end,1
Reach-Reachability-end,1
React-React-end,1
React-Reacted-end,1
React-Reaction-end,1
React-Reactions-end,1
React-Reactor-end,1
React-Reactors-end,1
Read-Read-end,1
Read-Reader-end,1
Read-Reading-end,1
Read-Readness-end,1
Read-Ready-end,1
Real-Real-end,1
Real-Really-end,1
Real-Realtime-end,1
Receipt-Receipt-end,1
Receipt-Receipts-end,1
Recent-Recent-end,1
Recent-Recently-end,1
Recogn-Recognizer-end,1
Recogn-Recognizing-end,1
Recommend-Recommendation-end,1
Recommend-Recommendations-end,1
Recommend-Recommended-end,1
Record-Record-end,1
Record-Recorder-end,1
Record-Recording-end,1
Recov-Recover-end,1
Recov-Recovery-end,1
Rect-Rect-end,1
Rect-Rectangle-end,1
Recycl-Recyclable-end,1
Recycl-Recycler-end,1
Red-Red-end,1
Red-Redact-end,1
Red-Redacted-end,1
Red-Redesign-end,1
Red-Redesigns-end,1
Red-Redirect-end,1
Red-Redirection-end,1
Red-Redspace-end,1
Red-Reduction-end,1
Ref-Ref-end,1
Ref-Reference-end,1
Ref-Referrer-end,1
Ref-Reflecting-end,1
Ref-Refresh-end,1
Ref-Refresher-end,1
Regist-Register-end,1
Regist-Registered-end,1
Regist-Registrar-end,1
Regist-Registration-end,1
Regist-Registry-end,1
Reject-Reject-end,1
Reject-Rejection-end,1
Relat-Related-end,1
Relat-Relationship-end,1
Relat-Relative-end,1
Relay-Relay-end,1
Relay-Relayer-end,1
Reload-Reload-end,1
Reload-Reloader-end,1
Remind-Reminder-end,1
Remind-Reminders-end,1
Remov-Removal-end,1
Remov-Remove-end,1
Remov-Remover-end,1
Render-Render-end,1
Render-Renderable-end,1
Render-Renderables-end,1
Render-Rendered-end,1
Render-Renderer-end,1
Render-Rendering-end,1
Reorder-Reorder-end,1
Reorder-Reordering-end,1
Replac-Replace-end,1
Replac-Replacement-end,1
Repli-Replicator-end,1
Repli-Replies-end,1
Report-Report-end,1
Report-Reported-end,1
Report-Reporter-end,1
Report-Reporting-end,1
Request-Request-end,1
Request-Requester-end,1
Request-Requesting-end,1
Request-Requestor-end,1
Request-Requests-end,1
Requir-Required-end,1
Requir-Requirements-end,1
Reset-Reset-end,1
Reset-Resetting-end,1
Reshar-Reshare-end,1
Reshar-Reshares-end,1
Resid-Residence-end,1
Resid-Residences-end,1
Resiz-Resize-end,1
Resiz-Resized-end,1
Resiz-Resizing-end,1
Resolv-Resolvable-end,1
Resolv-Resolver-end,1
Resolv-Resolving-end,1
Resourc-Resource-end,1
Resourc-Resources-end,1
Respond-Respond-end,1
Respond-Responder-end,1
Respond-Responders-end,1
Respond-Responding-end,1
Respons-Response-end,1
Respons-Responses-end,1
Respons-Responsiveness-end,1
Rest-Rest-end,1
Rest-Restart-end,1
Rest-Restorable-end,1
Rest-Restoration-end,1
Rest-Restore-end,1
Rest-Restoring-end,1
Rest-Restricted-end,1
Result-Result-end,1
Result-Results-end,1
Reus-Reusable-end,1
Reus-Reuse-end,1
Review-Review-end,1
Review-Reviewer-end,1
Review-Reviews-end,1
Rewrit-Rewrite-end,1
Rewrit-Rewriter-end,1
Roll-Roll-end,1
Roll-Rollout-end,1
Rotat-Rotatable-end,1
Rotat-Rotate-end,1
Rotat-Rotating-end,1
Rotat-Rotation-end,1
Round-Round-end,1
Round-Rounded-end,1
Round-Rounding-end,1
Rout-Route-end,1
Rout-Router-end,1
Row-Row-end,1
Row-Rows-end,1
Run-Run-end,1
Run-Runner-end,1
Run-Running-end,1
SSO-SSOAccount-end,1
SSO-SSODBLDelegate-end,1
SSO-SSODBLWarning-end,1
SSO-SSOFlow-end,1
SSO-SSOHandler-end,1
SSO-SSOWarning-end,1
Sampl-Sample-end,1
Sampl-Sampled-end,1
Sampl-Sampling-end,1
Save-Save-end,1
Save-Saved-end,1
Scan-Scan-end,1
Scan-Scanner-end,1
Schedul-Schedule-end,1
Schedul-Scheduled-end,1
Schedul-Scheduler-end,1
Schedul-Scheduling-end,1
Scope-Scope-end,1
Scope-Scoped-end,1
Screen-Screen-end,1
Screen-Screenshot-end,1
Screen-Screenshots-end,1
Scroll-Scroll-end,1
Scroll-Scrollable-end,1
Scroll-Scroller-end,1
Scroll-Scrolling-end,1
Scrub-Scrubber-end,1
Scrub-Scrubbing-end,1
Search-Search-end,1
Search-Searchable-end,1
Search-Searcher-end,1
Search-Searches-end,1
Search-Searching-end,1
Secret-Secret-end,1
Secret-Secretary-end,1
Section-Section-end,1
Section-Sectioned-end,1
Section-Sectionizer-end,1
Section-Sections-end,1
Secur-Secure-end,1
Secur-Securing-end,1
Secur-Security-end,1
See-See-end,1
See-Seen-end,1
Segment-Segment-end,1
Segment-Segmented-end,1
Select-Select-end,1
Select-Selectable-end,1
Select-Selected-end,1
Select-Selection-end,1
Select-Selector-end,1
Self-Self-end,1
Self-Selfie-end,1
Send-Send-end,1
Send-Sender-end,1
Send-Senders-end,1
Send-Sending-end,1
Sent-Sent-end,1
Sent-Sentence-end,1
Sent-Sentences-end,1
Sent-Sentinel-end,1
Sent-Sentry-end,1
Seri-Serial-end,1
Seri-Serializable-end,1
Seri-Serializer-end,1
Seri-Serializing-end,1
Seri-Series-end,1
Servic-Service-end,1
Servic-Services-end,1
Session-Session-end,1
Session-Sessionless-end,1
Set-Set-end,1
Set-Sets-end,1
Set-Setter-end,1
Set-Setting-end,1
Set-Settings-end,1
Shadow-Shadow-end,1
Shadow-Shadower-end,1
Share-Share-end,1
Share-Shareable-end,1
Share-Shared-end,1
Share-Shares-end,1
Shift-Shiftable-end,1
Shift-Shifted-end,1
Shim-Shim-end,1
Shim-Shimmer-end,1
Shim-Shimmering-end,1
Show-Show-end,1
Show-Shown-end,1
Show-Showtime-end,1
Show-Showtimes-end,1
Singl-Single-end,1
Singl-Singleton-end,1
Size-Size-end,1
Size-Sized-end,1
Slide-Slide-end,1
Slide-Slider-end,1
Slide-Slides-end,1
Slide-Slideshow-end,1
Snap-Snap-end,1
Snap-Snapper-end,1
Snap-Snapshot-end,1
Snap-Snapshotter-end,1
Snippet-Snippet-end,1
Snippet-Snippets-end,1
Social-Social-end,1
Social-Socially-end,1
Song-Song-end,1
Song-Songs-end,1
Sort-Sort-end,1
Sort-Sorted-end,1
Sound-Sound-end,1
Sound-Sounds-end,1
Sourc-Source-end,1
Sourc-Sources-end,1
Souvenir-Souvenir-end,1
Souvenir-Souvenirs-end,1
Space-Space-end,1
Space-Spaced-end,1
Spec-Spec-end,1
Spec-Special-end,1
Spec-Specific-end,1
Spec-Specification-end,1
Spec-Specifier-end,1
Sponsor-Sponsorable-end,1
Sponsor-Sponsored-end,1
Sponsor-Sponsorship-end,1
Sprout-Sprout-end,1
Sprout-Sprouts-end,1
Stack-Stack-end,1
Stack-Stacked-end,1
Stack-Stacking-end,1
Stale-Stale-end,1
Stale-Staleness-end,1
Standard-Standard-end,1
Standard-Standardization-end,1
Star-Star-end,1
Star-Start-end,1
Star-Started-end,1
Star-Starter-end,1
Star-Starts-end,1
Star-Startup-end,1
Stat-State-end,1
Stat-Stateful-end,1
Stat-Stateless-end,1
Stat-Statement-end,1
Stat-Static-end,1
Stat-Statistic-end,1
Stat-Stats-end,1
Stat-Status-end,1
Step-Step-end,1
Step-Stepper-end,1
Step-Steps-end,1
Sticker-Sticker-end,1
Sticker-Stickers-end,1
Store-Store-end,1
Store-Stored-end,1
Store-Stores-end,1
Stream-Stream-end,1
Stream-Streamed-end,1
Stream-Streamer-end,1
Stream-Streaming-end,1
Stream-Streams-end,1
String-String-end,1
String-Strings-end,1
Struct-Struct-end,1
Struct-Structured-end,1
Struct-Structures-end,1
Style-Style-end,1
Style-Styled-end,1
Sub-Sub-end,1
Sub-Subattachment-end,1
Sub-Subclass-end,1
Sub-Subcription-end,1
Sub-Sublists-end,1
Sub-Submit-end,1
Sub-Subscribable-end,1
Sub-Subscribe-end,1
Sub-Subscribed-end,1
Sub-Subscriber-end,1
Sub-Subscribers-end,1
Sub-Subscription-end,1
Sub-Subscriptions-end,1
Sub-Substories-end,1
Sub-Substory-end,1
Sub-Subtext-end,1
Sub-Subtitle-end,1
Sub-Subtle-end,1
Sub-Subview-end,1
Sub-Subviews-end,1
Suggest-Suggest-end,1
Suggest-Suggested-end,1
Suggest-Suggestifier-end,1
Suggest-Suggestion-end,1
Suggest-Suggestions-end,1
Support-Support-end,1
Support-Supported-end,1
Surfac-Surface-end,1
Surfac-Surfacing-end,1
Swipe-Swipe-end,1
Swipe-Swipeable-end,1
Switch-Switch-end,1
Switch-Switcher-end,1
Swizzl-Swizzle-end,1
Swizzl-Swizzler-end,1
Sync-Sync-end,1
Sync-Synced-end,1
Sync-Syncer-end,1
Sync-Synchronizer-end,1
Sync-Synchronous-end,1
TVSet-TVSet-end,1
TVSet-TVSettings-end,1
TVShow-TVShow-end,1
TVShow-TVShows-end,1
Tab-Tab-end,1
Tab-Table-end,1
Tab-Tabs-end,1
Tag-Tag-end,1
Tag-Taggable-end,1
Tag-Tagged-end,1
Tag-Taggee-end,1
Tag-Tagging-end,1
Tag-Taglet-end,1
Tag-Tags-end,1
Take-Take-end,1
Take-Taken-end,1
Tap-Tap-end,1
Tap-Tappable-end,1
Target-Target-end,1
Target-Targeting-end,1
Target-Targets-end,1
Team-Team-end,1
Team-Teams-end,1
Temp-Temp-end,1
Temp-Template-end,1
Temp-Templates-end,1
Temp-Temporary-end,1
Test-Test-end,1
Test-Testing-end,1
Text-Text-end,1
Text-Texts-end,1
Than-Than-end,1
Than-Thank-end,1
Theater-Theater-end,1
Theater-Theaters-end,1
Thread-Thread-end,1
Thread-Threaded-end,1
Thread-Threads-end,1
Throttl-Throttler-end,1
Throttl-Throttling-end,1
Through-Through-end,1
Through-Throughput-end,1
Thum-Thum-end,1
Thum-Thumb-end,1
Thum-Thumbnail-end,1
Thum-Thumbnial-end,1
Tick-Tick-end,1
Tick-Ticker-end,1
Tick-Ticket-end,1
Tile-Tile-end,1
Tile-Tiled-end,1
Tile-Tiles-end,1
Time-Time-end,1
Time-Timed-end,1
Time-Timeline-end,1
Time-Timeout-end,1
Time-Timer-end,1
Time-Timestamp-end,1
Time-Timestamps-end,1
Tip-Tip-end,1
Tip-Tips-end,1
Titl-Title-end,1
Titl-Titled-end,1
Titl-Titles-end,1
Token-Token-end,1
Token-Tokenable-end,1
Token-Tokenization-end,1
Token-Tokenized-end,1
Token-Tokenizer-end,1
Token-Tokens-end,1
Tool-Tool-end,1
Tool-Toolbar-end,1
Tool-Toolbox-end,1
Tool-Tools-end,1
Tool-Tooltip-end,1
Top-Top-end,1
Top-Topic-end,1
Top-Topics-end,1
Trace-Trace-end,1
Trace-Tracer-end,1
Trace-Traceroute-end,1
Track-Trackable-end,1
Track-Tracker-end,1
Track-Tracking-end,1
Transact-Transaction-end,1
Transact-Transactional-end,1
Transact-Transactions-end,1
Transfer-Transfer-end,1
Transfer-Transfers-end,1
Transform-Transform-end,1
Transform-Transformed-end,1
Transform-Transformer-end,1
Transform-Transforming-end,1
Transit-Transition-end,1
Transit-Transitioner-end,1
Transit-Transitioning-end,1
Translat-Translate-end,1
Translat-Translation-end,1
Translat-Translator-end,1
Transport-Transport-end,1
Transport-Transporting-end,1
Trigger-Trigger-end,1
Trigger-Triggering-end,1
Turn-Turn-end,1
Turn-Turns-end,1
Type-Type-end,1
Type-Typeahead-end,1
Type-Typed-end,1
Type-Types-end,1
UFI-UFIBar-end,1
UFI-UFIBlock-end,1
UFI-UFIButton-end,1
UFI-UFIComment-end,1
UFI-UFIComponent-end,1
UFI-UFIComposer-end,1
UFI-UFICounts-end,1
UFI-UFIExperiment-end,1
UFI-UFIFake-end,1
UFI-UFIHandler-end,1
UFI-UFILike-end,1
UFI-UFILogger-end,1
UFI-UFIOptions-end,1
UFI-UFIPost-end,1
UFI-UFIRow-end,1
UFI-UFITracker-end,1
UI-UIAlert-end,1
UI-UICell-end,1
UI-UICheckbox-end,1
UI-UIComponent-end,1
UI-UIConfig-end,1
UI-UIConstants-end,1
UI-UIFactory-end,1
UI-UIFeedback-end,1
UI-UIFree-end,1
UI-UIImage-end,1
UI-UIKit-end,1
UI-UILabel-end,1
UI-UIMessage-end,1
UI-UIMetrics-end,1
UI-UIModel-end,1
UI-UIPage-end,1
UI-UIPicker-end,1
UI-UIPresenter-end,1
UI-UIPresenting-end,1
UI-UIProduct-end,1
UI-UIProvider-end,1
UI-UIProviding-end,1
UI-UIQuestion-end,1
UI-UIRadio-end,1
UI-UIRedesign-end,1
UI-UIResources-end,1
UI-UIScroll-end,1
UI-UIStyle-end,1
UI-UISubquestion-end,1
UI-UIText-end,1
UI-UIThank-end,1
UI-UIUtils-end,1
UI-UIWeb-end,1
URL-URL-end,1
URL-URLAction-end,1
URL-URLBridge-end,1
URL-URLBuilder-end,1
URL-URLCache-end,1
URL-URLComponent-end,1
URL-URLController-end,1
URL-URLEditing-end,1
URL-URLFetcher-end,1
URL-URLFilter-end,1
URL-URLFormatter-end,1
URL-URLFormatting-end,1
URL-URLGenerator-end,1
URL-URLHandler-end,1
URL-URLHelper-end,1
URL-URLModification-end,1
URL-URLOpening-end,1
URL-URLParams-end,1
URL-URLParser-end,1
URL-URLProtocol-end,1
URL-URLQuery-end,1
URL-URLReceived-end,1
URL-URLRequest-end,1
URL-URLResolver-end,1
URL-URLResponse-end,1
URL-URLStore-end,1
URL-URLTest-end,1
URL-URLUtils-end,1
URL-URLView-end,1
Unfollow-Unfollow-end,1
Unfollow-Unfollowed-end,1
Unit-Unit-end,1
Unit-Units-end,1
Unsubscrib-Unsubscribe-end,1
Unsubscrib-Unsubscribing-end,1
Update-Update-end,1
Update-Updated-end,1
Update-Updater-end,1
Update-Updates-end,1
Upload-Upload-end,1
Upload-Uploaded-end,1
Upload-Uploader-end,1
Upload-Uploading-end,1
Upsell-Upsell-end,1
Upsell-Upsell3-end,1
Url-Url-end,1
Url-Urls-end,1
Use-Use-end,1
Use-Used-end,1
Use-Usefuls-end,1
Use-User-end,1
Use-Username-end,1
Use-Users-end,1
Util-Util-end,1
Util-Utilities-end,1
Util-Utility-end,1
Util-Utils-end,1
Valid-Validate-end,1
Valid-Validating-end,1
Valid-Validator-end,1
Valu-Value-end,1
Valu-Values-end,1
Variant-Variant-end,1
Variant-Variants-end,1
Verb-Verbose-end,1
Verb-Verbs-end,1
Verifi-Verified-end,1
Verifi-Verifier-end,1
Version-Version-end,1
Version-Versioned-end,1
Vertic-Vertical-end,1
Vertic-Vertically-end,1
Video-Video-end,1
Video-Videos-end,1
View-View-end,1
View-Viewable-end,1
View-Viewer-end,1
View-Viewers-end,1
View-Viewing-end,1
View-Views-end,1
View-Viewsubview-end,1
Violat-Violating-end,1
Violat-Violation-end,1
Visit-Visit-end,1
Visit-Visited-end,1
Visit-Visitor-end,1
Visit-Visits-end,1
Vote-Vote-end,1
Vote-Voters-end,1
Watch-Watch-end,1
Watch-Watchdog-end,1
Watch-Watching-end,1
Web-Web-end,1
Web-Website-end,1
Web-Webview-end,1
White-White-end,1
White-Whitelist-end,1
Who-Who-end,1
Who-Whole-end,1
With-With-end,1
With-Without-end,1
Word-Word-end,1
Word-Wording-end,1
Word-Words-end,1
Work-Work-end,1
Work-Workaround-end,1
Work-Worker-end,1
Work-Workflow-end,1
Work-Working-end,1
Wrap-Wrapped-end,1
Wrap-Wrapper-end,1
Wrap-Wrapping-end,1
Write-Write-end,1
Write-Writer-end,1
You-You-end,1
You-Your-end,1
Zoom-Zoom-end,1
Zoom-Zooming-end,1
