A-ADT-ADTController,1
A-ADT-ADTItem,1
A-API-API,1
A-API-APIConfig,1
A-API-APIContext,1
A-API-APIDelegate,1
A-API-APIPost,1
A-API-APIProperties,1
A-API-APIRequest,1
A-AS-ASAsync,1
A-AS-ASBasic,1
A-AS-ASDisplay,1
A-AS-ASHighlight,1
A-AS-ASText,1
A-Access-Access,1
A-Access-Accessibility,1
A-Access-Accessible,1
A-Access-Accessory,1
A-Account-Account,1
A-Account-Accounts,1
A-Action-Action,1
A-Action-Actionable,1
A-Action-Actions,1
A-Activat-Activatable,1
A-Activat-Activated,1
A-Activat-Activation,1
A-Actor-Actor,1
A-Actor-Actors,1
A-Add-Add,1
A-Add-Added,1
A-Add-Additional,1
A-Add-Additions,1
A-Add-Address,1
A-Add-Addressbook,1
A-Add-Addresses,1
A-Admin-Admin,1
A-Admin-Admined,1
A-Admin-Admins,1
A-Age-Age,1
A-Age-Agent,1
A-Aggregat-Aggregate,1
A-Aggregat-Aggregated,1
A-Aggregat-Aggregation,1
A-Aggregat-Aggregator,1
A-Album-Album,1
A-Album-Albums,1
A-Align-Align,1
A-Align-Aligned,1
A-Align-Alignment,1
A-All-All,1
A-All-Allocation,1
A-All-Allow,1
A-All-Allowed,1
A-Analys-Analyser,1
A-Analys-Analysis,1
A-Analyt-Analytic,1
A-Analyt-Analytics,1
A-Ani-Animatable,1
A-Ani-Animated,1
A-Ani-Animating,1
A-Ani-Animation,1
A-Ani-Animations,1
A-Ani-Animator,1
A-Annotat-Annotated,1
A-Annotat-Annotation,1
A-Annotat-Annotations,1
A-Announc-Announcement,1
A-Announc-Announcer,1
A-Announc-Announcing,1
A-App-App,1
A-App-Appearance,1
A-App-Append,1
A-App-Appendable,1
A-App-Appended,1
A-App-Appinvite,1
A-App-Apple,1
A-App-Application,1
A-App-Applications,1
A-App-Applied,1
A-App-Applink,1
A-App-Approval,1
A-App-Approvals,1
A-App-Approve,1
A-App-Approximate,1
A-App-Apps,1
A-Archive-Archive,1
A-Archive-Archived,1
A-Archive-Archiver,1
A-Are-Are,1
A-Are-Area,1
A-Art-Art,1
A-Art-Article,1
A-Art-Articles,1
A-Asset-Asset,1
A-Asset-Assets,1
A-Async-Async,1
A-Async-Asynchronous,1
A-Attach-Attached,1
A-Attach-Attachment,1
A-Attach-Attachments,1
A-Attribut-Attribute,1
A-Attribut-Attributed,1
A-Attribut-Attributes,1
A-Attribut-Attribution,1
A-Audienc-Audience,1
A-Audienc-Audiences,1
A-Auth-Auth,1
A-Auth-Authenticated,1
A-Auth-Authenticating,1
A-Auth-Authentication,1
A-Auth-Author,1
A-Auth-Authored,1
A-Auth-Authorization,1
A-Auth-Authors,1
A-Auto-Auto,1
A-Auto-Autocomplete,1
A-Auto-Autoforward,1
A-Auto-Automatic,1
A-Auto-Autoplay,1
A-Auto-Autosize,1
A-Auto-Autoupdater,1
A-Aware-Aware,1
A-Aware-Awareness,1
B-Back-Back,1
B-Back-Backdated,1
B-Back-Backed,1
B-Back-Background,1
B-Back-Backing,1
B-Back-Backoff,1
B-Badg-Badge,1
B-Badg-Badged,1
B-Badg-Badger,1
B-Ban-Ban,1
B-Ban-Bandwidth,1
B-Ban-Banned,1
B-Ban-Banner,1
B-Bar-Bar,1
B-Bar-Bars,1
B-Base-Base,1
B-Base-Based,1
B-Base-Baseline,1
B-Bat-Bat,1
B-Bat-Batch,1
B-Bat-Batched,1
B-Bat-Batching,1
B-Bat-Battery,1
B-Bill-Billable,1
B-Bill-Billing,1
B-Birth-Birth,1
B-Birth-Birthday,1
B-Birth-Birthdays,1
B-Black-Black,1
B-Black-Blacklist,1
B-Block-Block,1
B-Block-Blocked,1
B-Block-Blocker,1
B-Block-Blocking,1
B-Block-Blocks,1
B-Blur-Blur,1
B-Blur-Blurred,1
B-Book-Book,1
B-Book-Bookkeeper,1
B-Book-Bookmark,1
B-Book-Bookmarks,1
B-Bool-Bool,1
B-Bool-Boolean,1
B-Boost-Boost,1
B-Boost-Boosted,1
B-Boot-Boot,1
B-Boot-Bootstrap,1
B-Boot-Bootstrapper,1
B-Border-Border,1
B-Border-Bordered,1
B-Bound-Boundary,1
B-Bound-Bounding,1
B-Bound-Bounds,1
B-Box-Box,1
B-Box-Boxed,1
B-Box-Boxes,1
B-Bridg-Bridge,1
B-Bridg-Bridged,1
B-Brows-Browse,1
B-Brows-Browser,1
B-Bucket-Bucket,1
B-Bucket-Bucketizer,1
B-Budget-Budget,1
B-Budget-Budgets,1
B-Buffer-Buffer,1
B-Buffer-Buffered,1
B-Bug-Bug,1
B-Bug-Bugs,1
B-Build-Build,1
B-Build-Builder,1
B-Bus-Bus,1
B-Bus-Business,1
B-Button-Button,1
B-Button-Buttons,1
C-CTAPromot-CTAPromotion,1
C-CTAPromot-CTAPromotions,1
C-Cach-Cache,1
C-Cach-Cached,1
C-Cach-Cacher,1
C-Cach-Caching,1
C-Calcul-Calculating,1
C-Calcul-Calculation,1
C-Calcul-Calculator,1
C-Call-Call,1
C-Call-Callbacks,1
C-Call-Caller,1
C-Call-Callout,1
C-Call-Callstack,1
C-Cam-Cam,1
C-Cam-Camera,1
C-Cam-Campaign,1
C-Cam-Campaigns,1
C-Can-Can,1
C-Can-Cancel,1
C-Can-Cancelable,1
C-Can-Cancelation,1
C-Can-Canceler,1
C-Can-Cancellation,1
C-Can-Candidate,1
C-Can-Candidates,1
C-Can-Canonical,1
C-Can-Canonicalization,1
C-Can-Canvas,1
C-Cap-Cap,1
C-Cap-Capabilities,1
C-Cap-Capability,1
C-Cap-Caption,1
C-Cap-Capture,1
C-Cap-Captured,1
C-Card-Card,1
C-Card-Cardless,1
C-Card-Cards,1
C-Celebr-Celebration,1
C-Celebr-Celebrity,1
C-Cell-Cell,1
C-Cell-Cells,1
C-Center-Center,1
C-Center-Centered,1
C-Center-Centering,1
C-Chain-Chain,1
C-Chain-Chaining,1
C-Challeng-Challenge,1
C-Challeng-Challenges,1
C-Chang-Change,1
C-Chang-Changed,1
C-Chang-Changes,1
C-Chang-Changeset,1
C-Channel-Channel,1
C-Channel-Channels,1
C-Chat-Chat,1
C-Chat-Chattable,1
C-Check-Check,1
C-Check-Checker,1
C-Check-Checkin,1
C-Check-Checking,1
C-Check-Checkmark,1
C-Check-Checkout,1
C-Check-Checkpoint,1
C-Check-Checkup,1
C-Chiclet-Chiclet,1
C-Chiclet-Chiclets,1
C-Choos-Choose,1
C-Choos-Chooser,1
C-Choos-Choosers,1
C-Choos-Choosing,1
C-Chrono-Chrono,1
C-Chrono-Chronologically,1
C-Chunk-Chunk,1
C-Chunk-Chunked,1
C-Class-Class,1
C-Class-Classic,1
C-Class-Classifier,1
C-Clip-Clip,1
C-Clip-Clipping,1
C-Close-Close,1
C-Close-Closed,1
C-Cluster-Cluster,1
C-Cluster-Clusterer,1
C-Cluster-Clustering,1
C-Code-Code,1
C-Code-Coder,1
C-Code-Codes,1
C-Collaps-Collapsable,1
C-Collaps-Collapsed,1
C-Collaps-Collapsible,1
C-Collat-Collated,1
C-Collat-Collation,1
C-Collect-Collect,1
C-Collect-Collection,1
C-Collect-Collections,1
C-Collect-Collector,1
C-Color-Color,1
C-Color-Colored,1
C-Color-Colorization,1
C-Color-Colors,1
C-Combin-Combined,1
C-Combin-Combining,1
C-Command-Command,1
C-Command-Commands,1
C-Comment-Comment,1
C-Comment-Commenters,1
C-Comment-Comments,1
C-Commun-Communication,1
C-Commun-Community,1
C-Compat-Compatibility,1
C-Compat-Compatible,1
C-Complet-Complete,1
C-Complet-Completely,1
C-Complet-Completion,1
C-Compon-Component,1
C-Compon-Components,1
C-Compos-Compose,1
C-Compos-Composed,1
C-Compos-Composer,1
C-Compos-Composing,1
C-Compos-Composite,1
C-Compos-Composition,1
C-Compos-Compositor,1
C-Comput-Computation,1
C-Comput-Computer,1
C-Concurr-Concurrency,1
C-Concurr-Concurrent,1
C-Config-Config,1
C-Config-Configs,1
C-Config-Configurable,1
C-Config-Configuration,1
C-Config-Configurations,1
C-Config-Configurator,1
C-Config-Configured,1
C-Config-Configurer,1
C-Config-Configuring,1
C-Confirm-Confirm,1
C-Confirm-Confirmation,1
C-Confirm-Confirmer,1
C-Connect-Connect,1
C-Connect-Connected,1
C-Connect-Connection,1
C-Connect-Connections,1
C-Connect-Connectivity,1
C-Consist-Consistency,1
C-Consist-Consistent,1
C-Constant-Constant,1
C-Constant-Constants,1
C-Construct-Constructing,1
C-Construct-Constructor,1
C-Consum-Consumed,1
C-Consum-Consumer,1
C-Consum-Consumption,1
C-Contact-Contact,1
C-Contact-Contacts,1
C-Contain-Container,1
C-Contain-Containing,1
C-Content-Content,1
C-Content-Contents,1
C-Context-Context,1
C-Context-Contextual,1
C-Contributor-Contributor,1
C-Contributor-Contributors,1
C-Control-Control,1
C-Control-Controller,1
C-Control-Controllers,1
C-Control-Controlling,1
C-Control-Controls,1
C-Convers-Conversation,1
C-Convers-Conversations,1
C-Convers-Conversion,1
C-Convert-Convert,1
C-Convert-Converter,1
C-Coordin-Coordinates,1
C-Coordin-Coordinator,1
C-Corner-Corner,1
C-Corner-Corners,1
C-Count-Count,1
C-Count-Countdown,1
C-Count-Counted,1
C-Count-Counter,1
C-Count-Country,1
C-Count-Counts,1
C-Cover-Cover,1
C-Cover-Covering,1
C-Crash-Crash,1
C-Crash-Crashed,1
C-Creat-Create,1
C-Creat-Creating,1
C-Creat-Creation,1
C-Creat-Creative,1
C-Creat-Creator,1
C-Credenti-Credential,1
C-Credenti-Credentials,1
C-Cross-Cross,1
C-Cross-Crosshair,1
C-Crowdsourc-Crowdsourced,1
C-Crowdsourc-Crowdsourcing,1
C-Curat-Curated,1
C-Curat-Curation,1
C-Custom-Custom,1
C-Custom-Customizable,1
C-Custom-Customization,1
C-Custom-Customized,1
C-Cut-Cut,1
C-Cut-Cuts,1
D-DB-DB,1
D-DB-DBBuilder,1
D-DEPRECATED-DEPRECATED,1
D-DEPRECATED-DEPRECATEDAnnouncer,1
D-DEPRECATED-DEPRECATEDButton,1
D-DEPRECATED-DEPRECATEDConfig,1
D-DEPRECATED-DEPRECATEDDelegate,1
D-DEPRECATED-DEPRECATEDProtocol,1
D-DEPRECATED-DEPRECATEDText,1
D-Dash-Dash,1
D-Dash-Dashboard,1
D-Data-Data,1
D-Data-Database,1
D-Data-Datasource,1
D-Dealloc-Dealloc,1
D-Dealloc-Dealloc2,1
D-Debug-Debug,1
D-Debug-Debugger,1
D-Debug-Debugging,1
D-Deceler-Decelerating,1
D-Deceler-Deceleration,1
D-Decid-Decider,1
D-Decid-Deciding,1
D-Declin-Decline,1
D-Declin-Declines,1
D-Decod-Decode,1
D-Decod-Decoder,1
D-Decor-Decorated,1
D-Decor-Decoration,1
D-Decor-Decorator,1
D-Dedupl-Deduplication,1
D-Dedupl-Deduplicator,1
D-Deep-Deep,1
D-Deep-Deeplinkable,1
D-Default-Default,1
D-Default-Defaults,1
D-Defin-Defining,1
D-Defin-Definition,1
D-Delay-Delay,1
D-Delay-Delayed,1
D-Delay-Delayer,1
D-Deleg-Delegate,1
D-Deleg-Delegation,1
D-Deleg-Delegete,1
D-Delet-Delete,1
D-Delet-Deleter,1
D-Delet-Deletion,1
D-Delta-Delta,1
D-Delta-Deltas,1
D-Depend-Dependencies,1
D-Depend-Dependency,1
D-Desc-Desc,1
D-Desc-Describable,1
D-Desc-Describing,1
D-Desc-Description,1
D-Desc-Descriptor,1
D-Deseri-Deserializer,1
D-Deseri-Deserializing,1
D-Design-Design,1
D-Design-Designated,1
D-Destin-Destination,1
D-Destin-Destinations,1
D-Detail-Detail,1
D-Detail-Detailed,1
D-Detail-Details,1
D-Detect-Detect,1
D-Detect-Detection,1
D-Detect-Detector,1
D-Dev-Dev,1
D-Dev-Device,1
D-Diff-Diff,1
D-Diff-Differ,1
D-Diff-Diffs,1
D-Dim-Dimmable,1
D-Dim-Dimming,1
D-Direct-Direct,1
D-Direct-Directed,1
D-Direct-Direction,1
D-Direct-Directional,1
D-Direct-Directions,1
D-Direct-Directory,1
D-Disabl-Disable,1
D-Disabl-Disabled,1
D-Disabl-Disabling,1
D-Discard-Discard,1
D-Discard-Discardable,1
D-Discov-Discover,1
D-Discov-Discovery,1
D-Dismiss-Dismiss,1
D-Dismiss-Dismissal,1
D-Dismiss-Dismissible,1
D-Dispatch-Dispatch,1
D-Dispatch-Dispatcher,1
D-Dispatch-Dispatching,1
D-Display-Display,1
D-Display-Displayable,1
D-Display-Displayed,1
D-Display-Displayer,1
D-Dot-Dot,1
D-Dot-Dots,1
D-Down-Down,1
D-Down-Download,1
D-Down-Downloader,1
D-Down-Downloading,1
D-Drag-Draggable,1
D-Drag-Dragged,1
D-Draw-Draw,1
D-Draw-Drawable,1
D-Draw-Drawer,1
D-Draw-Drawn,1
D-Duplic-Duplicate,1
D-Duplic-Duplicated,1
D-Duplic-Duplicates,1
E-Ear-Earl,1
E-Ear-Earlier,1
E-Ear-Early,1
E-Edge-Edge,1
E-Edge-Edges,1
E-Edit-Edit,1
E-Edit-Editable,1
E-Edit-Edited,1
E-Edit-Editing,1
E-Edit-Editor,1
E-Edit-Edits,1
E-Element-Element,1
E-Element-Elements,1
E-Embed-Embed,1
E-Embed-Embedded,1
E-Embed-Embeds,1
E-Emotion-Emotion,1
E-Emotion-Emotional,1
E-Enabl-Enable,1
E-Enabl-Enabled,1
E-Encode-Encode,1
E-Encode-Encoded,1
E-Encode-Encoder,1
E,1
Eing,1
Epoint,1
E-Entrypoint-Entrypoint,1
E-Entrypoint-Entrypoints,1
E-Enum-Enum,1
E-Enum-Enumeration,1
E-Enum-Enumerator,1
E-Error-Error,1
E-Error-Errors,1
E-Estimat-Estimate,1
E-Estimat-Estimation,1
E-Even-Even,1
E-Even-Event,1
E-Even-Events,1
E-Exception-Exception,1
E-Exception-Exceptions,1
E-Execut-Execution,1
E-Execut-Executor,1
E-Exit-Exit,1
E-Exit-Exits,1
E-Expand-Expandability,1
E-Expand-Expandable,1
E-Expand-Expanded,1
E-Expand-Expander,1
E-Expand-Expanding,1
E-Expand-Expando,1
E-Experienc-Experience,1
E-Experienc-Experiences,1
E-Experiment-Experiment,1
E-Experiment-Experiments,1
E-Export-Export,1
E-Export-Exported,1
E-Export-Exporter,1
E-Extend-Extendable,1
E-Extend-Extended,1
E-Extension-Extension,1
E-Extension-Extensions,1
E-Extra-Extra,1
E-Extra-Extraction,1
E-Extra-Extractor,1
E-Extra-Extras,1
F-FB-FBAPIAdditions,1
F-FB-FBAPIErrors,1
F-FB-FBActivity,1
F-FB-FBAlert,1
F-FB-FBAnalytics,1
F-FB-FBApp,1
F-FB-FBAsync,1
F-FB-FBAuthentication,1
F-FB-FBBase,1
F-FB-FBBookmark,1
F-FB-FBBorder,1
F-FB-FBBubble,1
F-FB-FBCAResponder,1
F-FB-FBCard,1
F-FB-FBCollection,1
F-FB-FBColor,1
F-FB-FBComment,1
F-FB-FBCompose,1
F-FB-FBComposer,1
F-FB-FBCompositor,1
F-FB-FBContainer,1
F-FB-FBCovering,1
F-FB-FBDescribable,1
F-FB-FBDismissal,1
F-FB-FBEntity,1
F-FB-FBExpanding,1
F-FB-FBFIGLayout,1
F-FB-FBFXEffect,1
F-FB-FBFeed,1
F-FB-FBFeedback,1
F-FB-FBFoundation,1
F-FB-FBGraph,1
F-FB-FBGrid,1
F-FB-FBGroups,1
F-FB-FBH264,1
F-FB-FBHighlight,1
F-FB-FBHighlighter,1
F-FB-FBID,1
F-FB-FBIDListener,1
F-FB-FBImage,1
F-FB-FBIn,1
F-FB-FBInconsistency,1
F-FB-FBIndex,1
F-FB-FBIntent,1
F-FB-FBInteractive,1
F-FB-FBJSONExtras,1
F-FB-FBJSONResponse,1
F-FB-FBKeyboard,1
F-FB-FBKit,1
F-FB-FBLayout,1
F-FB-FBLogin,1
F-FB-FBMAppearance,1
F-FB-FBMP4,1
F-FB-FBMedia,1
F-FB-FBMobile,1
F-FB-FBModal,1
F-FB-FBMovable,1
F-FB-FBNavigation,1
F-FB-FBNetwork,1
F-FB-FBNetworker,1
F-FB-FBPaper,1
F-FB-FBPhoto,1
F-FB-FBPlaces,1
F-FB-FBPopover,1
F-FB-FBPresence,1
F-FB-FBPublished,1
F-FB-FBQRCode,1
F-FB-FBRich,1
F-FB-FBRuntime,1
F-FB-FBScheduling,1
F-FB-FBSearch,1
F-FB-FBSegmented,1
F-FB-FBStack,1
F-FB-FBSupported,1
F-FB-FBSwipe,1
F-FB-FBTable,1
F-FB-FBText,1
F-FB-FBUIBase,1
F-FB-FBUIKit,1
F-FB-FBURLProtocol,1
F-FB-FBURLRequest,1
F-FB-FBUpdater,1
F-FB-FBVerve,1
F-FB-FBWeb,1
F-FB-FBZero,1
F-Face-Face,1
F-Face-Facebook,1
F-Face-Facebox,1
F-Face-Faceboxes,1
F-Face-Facecast,1
F-Face-Facepile,1
F-Face-Facer,1
F-Face-Faceweb,1
F-Fact-Fact,1
F-Fact-Factoid,1
F-Fact-Factoids,1
F-Fact-Factory,1
F-Fact-Facts,1
F-Fail-Fail,1
F-Fail-Failed,1
F-Fail-Failure,1
F-Fan-Fan,1
F-Fan-Fancy,1
F-Fan-Fans,1
F-Fav-Favorite,1
F-Fav-Favorites,1
F-Fav-Favs,1
F-Featur-Feature,1
F-Featur-Featured,1
F-Feed-Feed,1
F-Feed-Feedback,1
F-Feed-Feeds,1
F-Fetch-Fetch,1
F-Fetch-Fetched,1
F-Fetch-Fetcher,1
F-Fetch-Fetching,1
F-Field-Field,1
F-Field-Fields,1
F-Fill-Fill,1
F-Fill-Filled,1
F-Filter-Filter,1
F-Filter-Filtered,1
F-Filter-Filterer,1
F-Filter-Filteres,1
F-Filter-Filtering,1
F-Filter-Filterlist,1
F-Filter-Filters,1
F-Find-Find,1
F-Find-Finder,1
F-Fix-Fixed,1
F-Fix-Fixing,1
F-Flash-Flash,1
F-Flash-Flashing,1
F-Flat-Flat,1
F-Flat-Flattened,1
F-Flat-Flattening,1
F-Flow-Flow,1
F-Flow-Flowable,1
F-Focus-Focus,1
F-Focus-Focusable,1
F-Focus-Focused,1
F-Follow-Follow,1
F-Follow-Followed,1
F-Follow-Followers,1
F-Follow-Following,1
F-Follow-Followup,1
F-Font-Font,1
F-Font-Fonts,1
F-For-For,1
F-For-Force,1
F-For-Foreground,1
F-For-Fork,1
F-For-Form,1
F-For-Format,1
F-For-Formats,1
F-For-Formatter,1
F-For-Formatters,1
F-For-Formatting,1
F-For-Forwarder,1
F-For-Forwarding,1
F-Fragment-Fragment,1
F-Fragment-Fragments,1
F-Frame-Frame,1
F-Frame-Framed,1
F-Free-Free,1
F-Free-Freeform,1
F-Friend-Friend,1
F-Friend-Friendable,1
F-Friend-Friending,1
F-Friend-Friends,1
F-Friend-Friendship,1
F-Friend-Friendversary,1
F-Full-Full,1
F-Full-Fullscreen,1
G-GIF-GIF,1
G-GIF-GIFAnalytics,1
G-GIF-GIFBlock,1
G-GIF-GIFComponent,1
G-GIF-GIFData,1
G-GIF-GIFDownload,1
G-GIF-GIFDownloader,1
G-GIF-GIFNode,1
G-GIF-GIFProtocol,1
G-GIF-GIFSpecifier,1
G-GIF-GIFUpload,1
G-GIF-GIFVideo,1
G-GIF-GIFs,1
G-GL-GLConnection,1
G-GL-GLExecution,1
G-GL-GLPipe,1
G-GL-GLRequest,1
G-GL-GLog,1
G-Game-Game,1
G-Game-Games,1
G-Game-Gametime,1
G-Gate-Gate,1
G-Gate-Gated,1
G-Gate-Gatekeeper,1
G-Gate-Gatekeepers,1
G-Gen-Gen,1
G-Gen-Gender,1
G-Gen-General,1
G-Gen-Generate,1
G-Gen-Generated,1
G-Gen-Generating,1
G-Gen-Generator,1
G-Gen-Generic,1
G-Geo-Geo,1
G-Geo-Geocode,1
G-Geo-Geocoding,1
G-Geo-Geometric,1
G-Geo-Geometry,1
G-Good-Good,1
G-Good-Goods,1
G-Good-Goodwill,1
G-Graph-Graph,1
G-Graph-Graphic,1
G-Graph-Graphics,1
G-Graph-Graphql,1
G-Group-Group,1
G-Group-Grouper,1
G-Group-Groups,1
G-Grow-Grow,1
G-Grow-Growing,1
G-Grow-Growth,1
G-Guest-Guest,1
G-Guest-Guestlist,1
G-Guest-Guests,1
G-Guid-Guide,1
G-Guid-Guided,1
G-Guid-Guides,1
G-Gutter-Gutter,1
G-Gutter-Guttered,1
H-HPP-HPPAnalytics,1
H-HPP-HPPContext,1
H-HPP-HPPFeed,1
H-HPP-HPPHScroll,1
H-HTML-HTML,1
H-HTML-HTMLProtocol,1
H-Handl-Handle,1
H-Handl-Handler,1
H-Handl-Handling,1
H-Has-Has,1
H-Has-Hash,1
H-Has-Hashtag,1
H-Head-Head,1
H-Head-Header,1
H-Head-Headerless,1
H-Head-Headers,1
H-Head-Headline,1
H-Head-Heads,1
H-Help-Helper,1
H-Help-Helpers,1
H-Help-Helping,1
H-Hide-Hide,1
H-Hide-Hideable,1
H-High-High,1
H-High-Higher,1
H-High-Highlight,1
H-High-Highlighted,1
H-High-Highlighting,1
H-High-Highlights,1
H-Hold-Holder,1
H-Hold-Holding,1
H-Hold-Holdout,1
H-Hook-Hook,1
H-Hook-Hookable,1
H-Hook-Hooking,1
H-Host-Host,1
H-Host-Hosting,1
H-Host-Hosts,1
H-Hour-Hour,1
H-Hour-Hours,1
H-Hscroll-Hscroll,1
H-Hscroll-Hscrolls,1
H-Hug-Huge,1
H-Hug-Hugging,1
I-ID-IDCache,1
I-ID-IDData,1
I-ID-IDDownload,1
I-ID-IDFor,1
I-ID-IDGenerating,1
I-ID-IDGenerator,1
I-ID-IDKey,1
I-ID-IDKeychain,1
I-ID-IDPair,1
I-ID-IDPassword,1
I-ID-IDProvider,1
I-ID-IDQuery,1
I-ID-IDRequest,1
I-ID-IDState,1
I-ID-IDStore,1
I-ID-IDTo,1
I-ID-IDView,1
I-ID-IDs,1
I-Icon-Icon,1
I-Icon-Icons,1
I-Identif-Identification,1
I-Identif-Identifier,1
I-Image-Image,1
I-Image-Images,1
I-Impl-Impl,1
I-Impl-Implementation,1
I-Impl-Implicit,1
I-Import-Import,1
I-Import-Imported,1
I-Import-Importer,1
I-Impression-Impression,1
I-Impression-Impressions,1
I-Index-Index,1
I-Index-Indexed,1
I-Index-Indexer,1
I-Inferenc-Inference,1
I-Inferenc-Inferences,1
I-Inflate-Inflate,1
I-Inflate-Inflated,1
I-Info-Info,1
I-Info-Information,1
I-Info-Infos,1
I-Initial-Initial,1
I-Initial-Initialization,1
I-Initial-Initializer,1
I-Initial-Initializing,1
I-Inject-Injected,1
I-Inject-Injection,1
I-Inset-Inset,1
I-Inset-Insets,1
I-Install-Install,1
I-Install-Installed,1
I-Instruction-Instruction,1
I-Instruction-Instructions,1
I-Integrat-Integrate,1
I-Integrat-Integration,1
I-Interact-Interaction,1
I-Interact-Interactions,1
I-Interact-Interactive,1
I-Interact-Interactor,1
I-Interact-Interactors,1
I-Interest-Interest,1
I-Interest-Interested,1
I-Interest-Interesting,1
I-Interest-Interests,1
I-Interfac-Interface,1
I-Interfac-Interfaces,1
I-Interpret-Interpreter,1
I-Interpret-Interpreting,1
I-Interval-Interval,1
I-Interval-Intervals,1
I-Intro-Intro,1
I-Intro-Introduction,1
I-Invalid-Invalid,1
I-Invalid-Invalidating,1
I-Invalid-Invalidation,1
I-Invalid-Invalidator,1
I-Invalid-Invalidly,1
I-Invite-Invite,1
I-Invite-Invited,1
I-Invite-Invitee,1
I-Invite-Invitees,1
I-Invite-Invites,1
I-Item-Item,1
I-Item-Items,1
J-JPEG-JPEG,1
J-JPEG-JPEGUpdate,1
J-Join-Join,1
J-Join-Joined,1
J-Join-Joint,1
K-Keep-Keep,1
K-Keep-Keeper,1
K-Key-Key,1
K-Key-Keyboard,1
K-Key-Keychain,1
K-Key-Keyed,1
K-Key-Keyframe,1
K-Key-Keys,1
K-Key-Keyword,1
K-Key-Keywords,1
L-Label-Label,1
L-Label-Labeled,1
L-Label-Labeling,1
L-Label-Labels,1
L-Land-Landing,1
L-Land-Landscape,1
L-Layer-Layer,1
L-Layer-Layered,1
L-Layer-Layers,1
L-Layout-Layout,1
L-Layout-Layouts,1
L-Leagu-League,1
L-Leagu-Leagues,1
L-Lear-Lear,1
L-Lear-Learn,1
L-Level-Level,1
L-Level-Levels,1
L-Lib-Lib,1
L-Lib-Library,1
L-Life-Life,1
L-Life-Lifecycle,1
L-Life-Lifestyle,1
L-Like-Like,1
L-Like-Likeable,1
L-Like-Liked,1
L-Like-Liker,1
L-Like-Likers,1
L-Like-Likes,1
L-Limit-Limit,1
L-Limit-Limiter,1
L-Limit-Limiting,1
L-Line-Line,1
L-Line-Linear,1
L-Line-Lines,1
L-Line-Lineup,1
L-Link-Link,1
L-Link-Linked,1
L-Link-Linking,1
L-Link-Links,1
L-Link-Linkshim,1
L-List-List,1
L-List-Listener,1
L-List-Listening,1
L-List-Lists,1
L-Load-Load,1
L-Load-Loaded,1
L-Load-Loader,1
L-Load-Loading,1
L-Load-Loads,1
L-Local-Local,1
L-Local-Locale,1
L-Local-Localization,1
L-Local-Localized,1
L-Locat-Located,1
L-Locat-Location,1
L-Locat-Locations,1
L-Lock-Locking,1
L-Lock-Lockout,1
L-Log-Log,1
L-Log-Logarithmic,1
L-Log-Logged,1
L-Log-Logger,1
L-Log-Logging,1
L-Log-Login,1
L-Log-Logo,1
L-Log-Logout,1
L-Log-Logs,1
L-Look-Look,1
L-Look-Lookaside,1
L-Look-Lookup,1
L-Loop-Loop,1
L-Loop-Loops,1
L-Low-Low,1
L-Low-Lowpass,1
M-MN-MNImage,1
M-MN-MNLabel,1
M-MN-MNScroll,1
M-MN-MNThread,1
M-MN-MNUIKit,1
M-MN-MNView,1
M-MQTT-MQTTBroadcaster,1
M-MQTT-MQTTListener,1
M-MQTT-MQTTPublisher,1
M-MQTT-MQTTSender,1
M-MQTT-MQTTService,1
M-MQTT-MQTTTopic,1
M-Macro-Macro,1
M-Macro-Macros,1
M-Mail-Mail,1
M-Mail-Mailing,1
M-Manag-Manage,1
M-Manag-Management,1
M-Manag-Manager,1
M-Manag-Managing,1
M-Map-Map,1
M-Map-Mapper,1
M-Map-Mapping,1
M-Mark-Mark,1
M-Mark-Marker,1
M-Match-Match,1
M-Match-Matching,1
M-Max-Max,1
M-Max-Maximum,1
M-May-May,1
M-May-Maybe,1
M-May-Maybes,1
M-Measur-Measurements,1
M-Measur-Measurer,1
M-Media-Media,1
M-Media-Mediator,1
M-Megaphon-Megaphone,1
M-Megaphon-Megaphones,1
M-Mem-Mem,1
M-Mem-Member,1
M-Mem-Members,1
M-Mem-Membership,1
M-Mem-Memoized,1
M-Mem-Memoizer,1
M-Mem-Memorial,1
M-Mem-Memorialized,1
M-Mem-Memory,1
M-Mention-Mention,1
M-Mention-Mentioned,1
M-Mention-Mentioning,1
M-Mention-Mentions,1
M-Menu-Menu,1
M-Menu-Menus,1
M-Messag-Message,1
M-Messag-Messages,1
M-Messag-Messaging,1
M-Meta-Meta,1
M-Meta-Metadata,1
M-Meta-Metapage,1
M-Meter-Metered,1
M-Meter-Meters,1
M-Method-Method,1
M-Method-Methods,1
M-Metric-Metric,1
M-Metric-Metrics,1
M-Mic-Mic,1
M-Mic-Microphone,1
M-Middl-Middle,1
M-Middl-Middleman,1
M-Migrat-Migrate,1
M-Migrat-Migration,1
M-Min-Min,1
M-Min-Mini,1
M-Min-Minimal,1
M-Min-Minimize,1
M-Min-Minimorph,1
M-Min-Minimorphability,1
M-Min-Mininum,1
M-Min-Miniphone,1
M-Min-Minutiae,1
M-Mix-Mixed,1
M-Mix-Mixin,1
M-Modal-Modal,1
M-Modal-Modally,1
M-Modal-Modals,1
M-Mode-Mode,1
M-Mode-Model,1
M-Modif-Modification,1
M-Modif-Modified,1
M-Modif-Modifier,1
M-Modif-Modifying,1
M-Modul-Module,1
M-Modul-Modules,1
M-Moment-Moment,1
M-Moment-Moments,1
M-Monitor-Monitor,1
M-Monitor-Monitoring,1
M-Movi-Movie,1
M-Movi-Movies,1
M-Movi-Moving,1
M-Multi-Multi,1
M-Multi-Multipart,1
M-Multi-Multipicker,1
M-Multi-Multiple,1
M-Multi-Multiplex,1
M-Multi-Multishare,1
M-Music-Music,1
M-Music-Musician,1
M-Mutat-Mutate,1
M-Mutat-Mutating,1
M-Mutat-Mutation,1
M-Mutat-Mutations,1
M-Mutat-Mutator,1
N-NFX-NFXHide,1
N-NFX-NFXReport,1
N-NFX-NFXUnfollow,1
N-NS-NSArray,1
N-NS-NSData,1
N-NS-NSDictionary,1
N-NS-NSString,1
N-NS-NSUser,1
N-NUX-NUX,1
N-NUX-NUXBubble,1
N-NUX-NUXChat,1
N-NUX-NUXContent,1
N-NUX-NUXContext,1
N-NUX-NUXController,1
N-NUX-NUXData,1
N-NUX-NUXExperiment,1
N-NUX-NUXFacepile,1
N-NUX-NUXInterstitial,1
N-NUX-NUXIntroduction,1
N-NUX-NUXLearn,1
N-NUX-NUXList,1
N-NUX-NUXManager,1
N-NUX-NUXModule,1
N-NUX-NUXNav,1
N-NUX-NUXNotification,1
N-NUX-NUXPhone,1
N-NUX-NUXPresenter,1
N-NUX-NUXPrivacy,1
N-NUX-NUXProfile,1
N-NUX-NUXServer,1
N-NUX-NUXSharing,1
N-NUX-NUXStep,1
N-NUX-NUXText,1
N-NUX-NUXUnit,1
N-NUX-NUXUpdate,1
N-NUX-NUXView,1
N-Name-Name,1
N-Name-Named,1
N-Name-Names,1
N-Nav-Nav,1
N-Nav-Navigate,1
N-Nav-Navigation,1
N-Nav-Navigator,1
N-Net-Net,1
N-Net-Network,1
N-Net-Networked,1
N-Net-Networker,1
N-Net-Networking,1
N-New-New,1
N-New-Newcomer,1
N-New-Newest,1
N-New-News,1
N-New-Newsfeed,1
N-Node-Node,1
N-Node-Nodes,1
N-Non-Non,1
N-Non-Nonce,1
N-Non-None,1
N-Normal-Normal,1
N-Normal-Normalized,1
N-Not-Not,1
N-Not-Note,1
N-Not-Nothing,1
N-Not-Notice,1
N-Not-Notif,1
N-Not-Notification,1
N-Not-Notifications,1
N-Not-Notifier,1
N-Not-Notify,1
N-Not-Notifying,1
N-Num-Num,1
N-Num-Number,1
N-Num-Numeric,1
N-Num-Numerical,1
O-OTD-OTDActivity,1
O-OTD-OTDComponent,1
O-OTD-OTDData,1
O-OTD-OTDDownload,1
O-OTD-OTDLoad,1
O-OTD-OTDSection,1
O-OTD-OTDStream,1
O-OTD-OTDView,1
O-Object-Object,1
O-Object-Objects,1
O-Off-Off,1
O-Off-Offer,1
O-Off-Offers,1
O-Off-Offline,1
O-Off-Offset,1
O-Off-Offsetting,1
O-Open-Open,1
O-Open-Openable,1
O-Open-Opened,1
O-Open-Opener,1
O-Operat-Operating,1
O-Operat-Operation,1
O-Operat-Operations,1
O-Optimiz-Optimization,1
O-Optimiz-Optimizer,1
O-Option-Option,1
O-Option-Optionalization,1
O-Option-Options,1
O-Order-Order,1
O-Order-Ordered,1
O-Order-Ordering,1
O-Orientat-Orientation,1
O-Orientat-Orientations,1
O-Origin-Original,1
O-Origin-Originating,1
O-Other-Other,1
O-Other-Others,1
O-Out-Out,1
O-Out-Outbound,1
O-Out-Outbox,1
O-Out-Outgoing,1
O-Out-Outline,1
O-Out-Output,1
O-Over-Over,1
O-Over-Overflow,1
O-Over-Overhang,1
O-Over-Overlay,1
O-Over-Overlayed,1
O-Over-Overlayer,1
O-Over-Overlays,1
O-Over-Override,1
O-Over-Overrides,1
O-Over-Overriding,1
O-Over-Overscroll,1
O-Over-Overview,1
O-Owner-Owner,1
O-Owner-Ownership,1
P-PIN-PIN,1
P-PIN-PINBuilder,1
P-PYM-PYMKCell,1
P-PYM-PYMKEntity,1
P-PYM-PYMKFeed,1
P-PYM-PYMKInfinite,1
P-PYM-PYMKPYMLExperiment,1
P-PYM-PYMKRequest,1
P-PYM-PYMKUnit,1
P-PYM-PYMKXOut,1
P-PYM-PYMLFeed,1
P-PYM-PYMLHscroll,1
P-PYM-PYMLMulti,1
P-PYM-PYMLPage,1
P-PYM-PYMLWith,1
P-Pack-Pack,1
P-Pack-Package,1
P-Pack-Packer,1
P-Pack-Packet,1
P-Pack-Packetizer,1
P-Pack-Packs,1
P-Pad-Pad,1
P-Pad-Padding,1
P-Page-Page,1
P-Page-Pageable,1
P-Page-Paged,1
P-Page-Pagelike,1
P-Page-Pager,1
P-Page-Pages,1
P-Pagin-Paginated,1
P-Pagin-Pagination,1
P-Pagin-Paginator,1
P-Pagin-Paging,1
P-Pan-Pan,1
P-Pan-Pandora,1
P-Pan-Panel,1
P-Pan-Panning,1
P-Param-Paramater,1
P-Param-Parameter,1
P-Param-Parameters,1
P-Param-Params,1
P-Pars-Parsed,1
P-Pars-Parser,1
P-Pars-Parsing,1
P-Part-Part,1
P-Part-Partial,1
P-Part-Participant,1
P-Part-Participants,1
P-Part-Participating,1
P-Part-Participation,1
P-Part-Partition,1
P-Part-Party,1
P-Pass-Pass,1
P-Pass-Passcode,1
P-Pass-Passes,1
P-Pass-Passive,1
P-Pass-Passthrough,1
P-Pass-Password,1
P-Past-Past,1
P-Past-Paste,1
P-Past-Pasteboard,1
P-Path-Path,1
P-Path-Paths,1
P-Paus-Pause,1
P-Paus-Paused,1
P-Payment-Payment,1
P-Payment-Payments,1
P-Peek-Peek,1
P-Peek-Peeks,1
P-Per-Per,1
P-Per-Percent,1
P-Per-Perf,1
P-Per-Perform,1
P-Per-Performance,1
P-Per-Performer,1
P-Per-Performing,1
P-Per-Permalink,1
P-Per-Permission,1
P-Per-Permissions,1
P-Per-Peron,1
P-Per-Persist,1
P-Per-Persisted,1
P-Per-Persistence,1
P-Per-Persistent,1
P-Per-Persister,1
P-Per-Persisting,1
P-Per-Person,1
P-Per-Personal,1
P-Per-Persons,1
P-Photo-Photo,1
P-Photo-Photos,1
P-Phrase-Phrase,1
P-Phrase-Phrases,1
P-Pic-Pic,1
P-Pic-Pic50,1
P-Pic-Pick,1
P-Pic-Picked,1
P-Pic-Picker,1
P-Pic-Pickup,1
P-Pic-Picture,1
P-Pic-Pictures,1
P-Pin-Pin,1
P-Pin-Pinch,1
P-Pin-Ping,1
P-Pin-Pingback,1
P-Pin-Pinned,1
P-Pin-Pins,1
P-Pin-Pinterest,1
P-Pipe-Pipe,1
P-Pipe-Pipeline,1
P-Pivot-Pivot,1
P-Pivot-Pivots,1
P-Pixel-Pixel,1
P-Pixel-Pixellate,1
P-Pixel-Pixels,1
P-Place-Place,1
P-Place-Placeholder,1
P-Place-Places,1
P-Plain-Plain,1
P-Plain-Plaintext,1
P-Plat-Plat,1
P-Plat-Platform,1
P-Play-Play,1
P-Play-Playable,1
P-Play-Playback,1
P-Play-Player,1
P-Play-Playground,1
P-Play-Playing,1
P-Play-Playlist,1
P-Point-Point,1
P-Point-Pointer,1
P-Point-Points,1
P-Poke-Poke,1
P-Poke-Pokes,1
P-Poll-Poll,1
P-Poll-Poller,1
P-Poll-Polling,1
P-Popul-Popular,1
P-Popul-Population,1
P-Popul-Populator,1
P-Posit-Position,1
P-Posit-Positioning,1
P-Posit-Positions,1
P-Posit-Positive,1
P-Post-Post,1
P-Post-Posted,1
P-Post-Poster,1
P-Post-Posting,1
P-Post-Posts,1
P-Pre-Pre,1
P-Pre-Precheck,1
P-Pre-Precise,1
P-Pre-Predefined,1
P-Pre-Predicate,1
P-Pre-Predictions,1
P-Pre-Predownload,1
P-Pre-Pref,1
P-Pre-Preference,1
P-Pre-Preferences,1
P-Pre-Prefetch,1
P-Pre-Prefetched,1
P-Pre-Prefetcher,1
P-Pre-Prefetching,1
P-Pre-Prefill,1
P-Pre-Prefilled,1
P-Pre-Prefix,1
P-Pre-Preload,1
P-Pre-Preloadable,1
P-Pre-Premium,1
P-Pre-Preparation,1
P-Pre-Prepare,1
P-Pre-Preparer,1
P-Pre-Preparers,1
P-Pre-Presence,1
P-Pre-Presentable,1
P-Pre-Presentation,1
P-Pre-Presented,1
P-Pre-Presenter,1
P-Pre-Presenting,1
P-Pre-Press,1
P-Pre-Preview,1
P-Pre-Previews,1
P-Pre-Previously,1
P-Priorit-Prioritizing,1
P-Priorit-Priority,1
P-Process-Process,1
P-Process-Processed,1
P-Process-Processing,1
P-Process-Processor,1
P-Process-Processors,1
P-Prod-Prod,1
P-Prod-Producer,1
P-Prod-Product,1
P-Prod-Production,1
P-Prod-Products,1
P-Profil-Profile,1
P-Profil-Profiler,1
P-Profil-Profiles,1
P-Progress-Progress,1
P-Progress-Progressive,1
P-Promot-Promote,1
P-Promot-Promoted,1
P-Promot-Promoter,1
P-Promot-Promotion,1
P-Promot-Promotions,1
P-Prompt-Prompt,1
P-Prompt-Prompts,1
P-Protil-Protile,1
P-Protil-Protiles,1
P-Provid-Providable,1
P-Provid-Provider,1
P-Provid-Provides,1
P-Provid-Providing,1
P-Public-Public,1
P-Public-Publication,1
P-Public-Publications,1
P-Publish-Publish,1
P-Publish-Published,1
P-Publish-Publisher,1
P-Publish-Publishers,1
P-Publish-Publishing,1
P-Puls-Pulsar,1
P-Puls-Pulsars,1
P-Puls-Pulse,1
P-Purchas-Purchase,1
P-Purchas-Purchased,1
P-Purchas-Purchases,1
P-Purpos-Purpose,1
P-Purpos-Purposes,1
Q-QL-QL,1
Q-QL-QLAnalytics,1
Q-QL-QLBatch,1
Q-QL-QLBuilder,1
Q-QL-QLCLCSuspended,1
Q-QL-QLCache,1
Q-QL-QLConnection,1
Q-QL-QLConnectionstore,1
Q-QL-QLConsistent,1
Q-QL-QLContacts,1
Q-QL-QLCustom,1
Q-QL-QLData,1
Q-QL-QLDefault,1
Q-QL-QLDelta,1
Q-QL-QLDownload,1
Q-QL-QLEntity,1
Q-QL-QLFataling,1
Q-QL-QLFetch,1
Q-QL-QLFetcher,1
Q-QL-QLFull,1
Q-QL-QLGenerated,1
Q-QL-QLGuided,1
Q-QL-QLHelper,1
Q-QL-QLIDCache,1
Q-QL-QLIDState,1
Q-QL-QLIDTo,1
Q-QL-QLImported,1
Q-QL-QLInput,1
Q-QL-QLLoader,1
Q-QL-QLMQTTSubscription,1
Q-QL-QLMem,1
Q-QL-QLMessenger,1
Q-QL-QLMutation,1
Q-QL-QLMutator,1
Q-QL-QLObject,1
Q-QL-QLPage,1
Q-QL-QLPaged,1
Q-QL-QLPaginated,1
Q-QL-QLQuery,1
Q-QL-QLRequest,1
Q-QL-QLResponse,1
Q-QL-QLRocket,1
Q-QL-QLSchema,1
Q-QL-QLService,1
Q-QL-QLSingle,1
Q-QL-QLSkywalker,1
Q-QL-QLStreaming,1
Q-QL-QLSubscriber,1
Q-QL-QLSubscription,1
Q-QL-QLSync,1
Q-QL-QLTaggable,1
Q-QL-QLThread,1
Q-QL-QLTolerant,1
Q-QL-QLTree,1
Q-QL-QLWrapper,1
Q-QP-QPBoolean,1
Q-QP-QPContextual,1
Q-QP-QPEdit,1
Q-QP-QPInternal,1
Q-QP-QPPromotion,1
Q-QP-QPString,1
Q-QP-QPTemplate,1
Q-QP-QPTriggers,1
Q-QRCode-QRCode,1
Q-QRCode-QRCodes,1
Q-Queri-Queried,1
Q-Queri-Queries,1
Q-Question-Question,1
Q-Question-Questions,1
Q-Quick-Quick,1
Q-Quick-Quickly,1
Q-Quot-Quota,1
Q-Quot-Quote,1
Q-Quot-Quotes,1
R-Rang-Range,1
R-Rang-Ranged,1
R-Rang-Ranger,1
R-Rang-Ranges,1
R-Rank-Rank,1
R-Rank-Ranked,1
R-Rank-Ranking,1
R-Rate-Rate,1
R-Rate-Rated,1
R-Rate-Raters,1
R-Reach-Reach,1
R-Reach-Reachability,1
R-React-React,1
R-React-Reacted,1
R-React-Reaction,1
R-React-Reactions,1
R-React-Reactor,1
R-React-Reactors,1
R-Read-Read,1
R-Read-Reader,1
R-Read-Reading,1
R-Read-Readness,1
R-Read-Ready,1
R-Real-Real,1
R-Real-Really,1
R-Real-Realtime,1
R-Receipt-Receipt,1
R-Receipt-Receipts,1
R-Recent-Recent,1
R-Recent-Recently,1
R-Recogn-Recognizer,1
R-Recogn-Recognizing,1
R-Recommend-Recommendation,1
R-Recommend-Recommendations,1
R-Recommend-Recommended,1
R-Record-Record,1
R-Record-Recorder,1
R-Record-Recording,1
R-Recov-Recover,1
R-Recov-Recovery,1
R-Rect-Rect,1
R-Rect-Rectangle,1
R-Recycl-Recyclable,1
R-Recycl-Recycler,1
R-Red-Red,1
R-Red-Redact,1
R-Red-Redacted,1
R-Red-Redesign,1
R-Red-Redesigns,1
R-Red-Redirect,1
R-Red-Redirection,1
R-Red-Redspace,1
R-Red-Reduction,1
R-Ref-Ref,1
R-Ref-Reference,1
R-Ref-Referrer,1
R-Ref-Reflecting,1
R-Ref-Refresh,1
R-Ref-Refresher,1
R-Regist-Register,1
R-Regist-Registered,1
R-Regist-Registrar,1
R-Regist-Registration,1
R-Regist-Registry,1
R-Reject-Reject,1
R-Reject-Rejection,1
R-Relat-Related,1
R-Relat-Relationship,1
R-Relat-Relative,1
R-Relay-Relay,1
R-Relay-Relayer,1
R-Reload-Reload,1
R-Reload-Reloader,1
R-Remind-Reminder,1
R-Remind-Reminders,1
R-Remov-Removal,1
R-Remov-Remove,1
R-Remov-Remover,1
R-Render-Render,1
R-Render-Renderable,1
R-Render-Renderables,1
R-Render-Rendered,1
R-Render-Renderer,1
R-Render-Rendering,1
R-Reorder-Reorder,1
R-Reorder-Reordering,1
R-Replac-Replace,1
R-Replac-Replacement,1
R-Repli-Replicator,1
R-Repli-Replies,1
R-Report-Report,1
R-Report-Reported,1
R-Report-Reporter,1
R-Report-Reporting,1
R-Request-Request,1
R-Request-Requester,1
R-Request-Requesting,1
R-Request-Requestor,1
R-Request-Requests,1
R-Requir-Required,1
R-Requir-Requirements,1
R-Reset-Reset,1
R-Reset-Resetting,1
R-Reshar-Reshare,1
R-Reshar-Reshares,1
R-Resid-Residence,1
R-Resid-Residences,1
R-Resiz-Resize,1
R-Resiz-Resized,1
R-Resiz-Resizing,1
R-Resolv-Resolvable,1
R-Resolv-Resolver,1
R-Resolv-Resolving,1
R-Resourc-Resource,1
R-Resourc-Resources,1
R-Respond-Respond,1
R-Respond-Responder,1
R-Respond-Responders,1
R-Respond-Responding,1
R-Respons-Response,1
R-Respons-Responses,1
R-Respons-Responsiveness,1
R-Rest-Rest,1
R-Rest-Restart,1
R-Rest-Restorable,1
R-Rest-Restoration,1
R-Rest-Restore,1
R-Rest-Restoring,1
R-Rest-Restricted,1
R-Result-Result,1
R-Result-Results,1
R-Reus-Reusable,1
R-Reus-Reuse,1
R-Review-Review,1
R-Review-Reviewer,1
R-Review-Reviews,1
R-Rewrit-Rewrite,1
R-Rewrit-Rewriter,1
R-Roll-Roll,1
R-Roll-Rollout,1
R-Rotat-Rotatable,1
R-Rotat-Rotate,1
R-Rotat-Rotating,1
R-Rotat-Rotation,1
R-Round-Round,1
R-Round-Rounded,1
R-Round-Rounding,1
R-Rout-Route,1
R-Rout-Router,1
R-Row-Row,1
R-Row-Rows,1
R-Run-Run,1
R-Run-Runner,1
R-Run-Running,1
S-SSO-SSOAccount,1
S-SSO-SSODBLDelegate,1
S-SSO-SSODBLWarning,1
S-SSO-SSOFlow,1
S-SSO-SSOHandler,1
S-SSO-SSOWarning,1
S-Sampl-Sample,1
S-Sampl-Sampled,1
S-Sampl-Sampling,1
S-Save-Save,1
S-Save-Saved,1
S-Scan-Scan,1
S-Scan-Scanner,1
S-Schedul-Schedule,1
S-Schedul-Scheduled,1
S-Schedul-Scheduler,1
S-Schedul-Scheduling,1
S-Scope-Scope,1
S-Scope-Scoped,1
S-Screen-Screen,1
S-Screen-Screenshot,1
S-Screen-Screenshots,1
S-Scroll-Scroll,1
S-Scroll-Scrollable,1
S-Scroll-Scroller,1
S-Scroll-Scrolling,1
S-Scrub-Scrubber,1
S-Scrub-Scrubbing,1
S-Search-Search,1
S-Search-Searchable,1
S-Search-Searcher,1
S-Search-Searches,1
S-Search-Searching,1
S-Secret-Secret,1
S-Secret-Secretary,1
S-Section-Section,1
S-Section-Sectioned,1
S-Section-Sectionizer,1
S-Section-Sections,1
S-Secur-Secure,1
S-Secur-Securing,1
S-Secur-Security,1
S-See-See,1
S-See-Seen,1
S-Segment-Segment,1
S-Segment-Segmented,1
S-Select-Select,1
S-Select-Selectable,1
S-Select-Selected,1
S-Select-Selection,1
S-Select-Selector,1
S-Self-Self,1
S-Self-Selfie,1
S-Send-Send,1
S-Send-Sender,1
S-Send-Senders,1
S-Send-Sending,1
S-Sent-Sent,1
S-Sent-Sentence,1
S-Sent-Sentences,1
S-Sent-Sentinel,1
S-Sent-Sentry,1
S-Seri-Serial,1
S-Seri-Serializable,1
S-Seri-Serializer,1
S-Seri-Serializing,1
S-Seri-Series,1
S-Servic-Service,1
S-Servic-Services,1
S-Session-Session,1
S-Session-Sessionless,1
S-Set-Set,1
S-Set-Sets,1
S-Set-Setter,1
S-Set-Setting,1
S-Set-Settings,1
S-Shadow-Shadow,1
S-Shadow-Shadower,1
S-Share-Share,1
S-Share-Shareable,1
S-Share-Shared,1
S-Share-Shares,1
S-Shift-Shiftable,1
S-Shift-Shifted,1
S-Shim-Shim,1
S-Shim-Shimmer,1
S-Shim-Shimmering,1
S-Show-Show,1
S-Show-Shown,1
S-Show-Showtime,1
S-Show-Showtimes,1
S-Singl-Single,1
S-Singl-Singleton,1
S-Size-Size,1
S-Size-Sized,1
S-Slide-Slide,1
S-Slide-Slider,1
S-Slide-Slides,1
S-Slide-Slideshow,1
S-Snap-Snap,1
S-Snap-Snapper,1
S-Snap-Snapshot,1
S-Snap-Snapshotter,1
S-Snippet-Snippet,1
S-Snippet-Snippets,1
S-Social-Social,1
S-Social-Socially,1
S-Song-Song,1
S-Song-Songs,1
S-Sort-Sort,1
S-Sort-Sorted,1
S-Sound-Sound,1
S-Sound-Sounds,1
S-Sourc-Source,1
S-Sourc-Sources,1
S-Souvenir-Souvenir,1
S-Souvenir-Souvenirs,1
S-Space-Space,1
S-Space-Spaced,1
S-Spec-Spec,1
S-Spec-Special,1
S-Spec-Specific,1
S-Spec-Specification,1
S-Spec-Specifier,1
S-Sponsor-Sponsorable,1
S-Sponsor-Sponsored,1
S-Sponsor-Sponsorship,1
S-Sprout-Sprout,1
S-Sprout-Sprouts,1
S-Stack-Stack,1
S-Stack-Stacked,1
S-Stack-Stacking,1
S-Stale-Stale,1
S-Stale-Staleness,1
S-Standard-Standard,1
S-Standard-Standardization,1
S-Star-Star,1
S-Star-Start,1
S-Star-Started,1
S-Star-Starter,1
S-Star-Starts,1
S-Star-Startup,1
S-Stat-State,1
S-Stat-Stateful,1
S-Stat-Stateless,1
S-Stat-Statement,1
S-Stat-Static,1
S-Stat-Statistic,1
S-Stat-Stats,1
S-Stat-Status,1
S-Step-Step,1
S-Step-Stepper,1
S-Step-Steps,1
S-Sticker-Sticker,1
S-Sticker-Stickers,1
S-Store-Store,1
S-Store-Stored,1
S-Store-Stores,1
S-Stream-Stream,1
S-Stream-Streamed,1
S-Stream-Streamer,1
S-Stream-Streaming,1
S-Stream-Streams,1
S-String-String,1
S-String-Strings,1
S-Struct-Struct,1
S-Struct-Structured,1
S-Struct-Structures,1
S-Style-Style,1
S-Style-Styled,1
S-Sub-Sub,1
S-Sub-Subattachment,1
S-Sub-Subclass,1
S-Sub-Subcription,1
S-Sub-Sublists,1
S-Sub-Submit,1
S-Sub-Subscribable,1
S-Sub-Subscribe,1
S-Sub-Subscribed,1
S-Sub-Subscriber,1
S-Sub-Subscribers,1
S-Sub-Subscription,1
S-Sub-Subscriptions,1
S-Sub-Substories,1
S-Sub-Substory,1
S-Sub-Subtext,1
S-Sub-Subtitle,1
S-Sub-Subtle,1
S-Sub-Subview,1
S-Sub-Subviews,1
S-Suggest-Suggest,1
S-Suggest-Suggested,1
S-Suggest-Suggestifier,1
S-Suggest-Suggestion,1
S-Suggest-Suggestions,1
S-Support-Support,1
S-Support-Supported,1
S-Surfac-Surface,1
S-Surfac-Surfacing,1
S-Swipe-Swipe,1
S-Swipe-Swipeable,1
S-Switch-Switch,1
S-Switch-Switcher,1
S-Swizzl-Swizzle,1
S-Swizzl-Swizzler,1
S-Sync-Sync,1
S-Sync-Synced,1
S-Sync-Syncer,1
S-Sync-Synchronizer,1
S-Sync-Synchronous,1
T-TVSet-TVSet,1
T-TVSet-TVSettings,1
T-TVShow-TVShow,1
T-TVShow-TVShows,1
T-Tab-Tab,1
T-Tab-Table,1
T-Tab-Tabs,1
T-Tag-Tag,1
T-Tag-Taggable,1
T-Tag-Tagged,1
T-Tag-Taggee,1
T-Tag-Tagging,1
T-Tag-Taglet,1
T-Tag-Tags,1
T-Take-Take,1
T-Take-Taken,1
T-Tap-Tap,1
T-Tap-Tappable,1
T-Target-Target,1
T-Target-Targeting,1
T-Target-Targets,1
T-Team-Team,1
T-Team-Teams,1
T-Temp-Temp,1
T-Temp-Template,1
T-Temp-Templates,1
T-Temp-Temporary,1
T-Test-Test,1
T-Test-Testing,1
T-Text-Text,1
T-Text-Texts,1
T-Than-Than,1
T-Than-Thank,1
T-Theater-Theater,1
T-Theater-Theaters,1
T-Thread-Thread,1
T-Thread-Threaded,1
T-Thread-Threads,1
T-Throttl-Throttler,1
T-Throttl-Throttling,1
T-Through-Through,1
T-Through-Throughput,1
T-Thum-Thum,1
T-Thum-Thumb,1
T-Thum-Thumbnail,1
T-Thum-Thumbnial,1
T-Tick-Tick,1
T-Tick-Ticker,1
T-Tick-Ticket,1
T-Tile-Tile,1
T-Tile-Tiled,1
T-Tile-Tiles,1
T-Time-Time,1
T-Time-Timed,1
T-Time-Timeline,1
T-Time-Timeout,1
T-Time-Timer,1
T-Time-Timestamp,1
T-Time-Timestamps,1
T-Tip-Tip,1
T-Tip-Tips,1
T-Titl-Title,1
T-Titl-Titled,1
T-Titl-Titles,1
T-Token-Token,1
T-Token-Tokenable,1
T-Token-Tokenization,1
T-Token-Tokenized,1
T-Token-Tokenizer,1
T-Token-Tokens,1
T-Tool-Tool,1
T-Tool-Toolbar,1
T-Tool-Toolbox,1
T-Tool-Tools,1
T-Tool-Tooltip,1
T-Top-Top,1
T-Top-Topic,1
T-Top-Topics,1
T-Trace-Trace,1
T-Trace-Tracer,1
T-Trace-Traceroute,1
T-Track-Trackable,1
T-Track-Tracker,1
T-Track-Tracking,1
T-Transact-Transaction,1
T-Transact-Transactional,1
T-Transact-Transactions,1
T-Transfer-Transfer,1
T-Transfer-Transfers,1
T-Transform-Transform,1
T-Transform-Transformed,1
T-Transform-Transformer,1
T-Transform-Transforming,1
T-Transit-Transition,1
T-Transit-Transitioner,1
T-Transit-Transitioning,1
T-Translat-Translate,1
T-Translat-Translation,1
T-Translat-Translator,1
T-Transport-Transport,1
T-Transport-Transporting,1
T-Trigger-Trigger,1
T-Trigger-Triggering,1
T-Turn-Turn,1
T-Turn-Turns,1
T-Type-Type,1
T-Type-Typeahead,1
T-Type-Typed,1
T-Type-Types,1
U-UFI-UFIBar,1
U-UFI-UFIBlock,1
U-UFI-UFIButton,1
U-UFI-UFIComment,1
U-UFI-UFIComponent,1
U-UFI-UFIComposer,1
U-UFI-UFICounts,1
U-UFI-UFIExperiment,1
U-UFI-UFIFake,1
U-UFI-UFIHandler,1
U-UFI-UFILike,1
U-UFI-UFILogger,1
U-UFI-UFIOptions,1
U-UFI-UFIPost,1
U-UFI-UFIRow,1
U-UFI-UFITracker,1
U-UI-UIAlert,1
U-UI-UICell,1
U-UI-UICheckbox,1
U-UI-UIComponent,1
U-UI-UIConfig,1
U-UI-UIConstants,1
U-UI-UIFactory,1
U-UI-UIFeedback,1
U-UI-UIFree,1
U-UI-UIImage,1
U-UI-UIKit,1
U-UI-UILabel,1
U-UI-UIMessage,1
U-UI-UIMetrics,1
U-UI-UIModel,1
U-UI-UIPage,1
U-UI-UIPicker,1
U-UI-UIPresenter,1
U-UI-UIPresenting,1
U-UI-UIProduct,1
U-UI-UIProvider,1
U-UI-UIProviding,1
U-UI-UIQuestion,1
U-UI-UIRadio,1
U-UI-UIRedesign,1
U-UI-UIResources,1
U-UI-UIScroll,1
U-UI-UIStyle,1
U-UI-UISubquestion,1
U-UI-UIText,1
U-UI-UIThank,1
U-UI-UIUtils,1
U-UI-UIWeb,1
U-URL-URL,1
U-URL-URLAction,1
U-URL-URLBridge,1
U-URL-URLBuilder,1
U-URL-URLCache,1
U-URL-URLComponent,1
U-URL-URLController,1
U-URL-URLEditing,1
U-URL-URLFetcher,1
U-URL-URLFilter,1
U-URL-URLFormatter,1
U-URL-URLFormatting,1
U-URL-URLGenerator,1
U-URL-URLHandler,1
U-URL-URLHelper,1
U-URL-URLModification,1
U-URL-URLOpening,1
U-URL-URLParams,1
U-URL-URLParser,1
U-URL-URLProtocol,1
U-URL-URLQuery,1
U-URL-URLReceived,1
U-URL-URLRequest,1
U-URL-URLResolver,1
U-URL-URLResponse,1
U-URL-URLStore,1
U-URL-URLTest,1
U-URL-URLUtils,1
U-URL-URLView,1
U-Unfollow-Unfollow,1
U-Unfollow-Unfollowed,1
U-Unit-Unit,1
U-Unit-Units,1
U-Unsubscrib-Unsubscribe,1
U-Unsubscrib-Unsubscribing,1
U-Update-Update,1
U-Update-Updated,1
U-Update-Updater,1
U-Update-Updates,1
U-Upload-Upload,1
U-Upload-Uploaded,1
U-Upload-Uploader,1
U-Upload-Uploading,1
U-Upsell-Upsell,1
U-Upsell-Upsell3,1
U-Url-Url,1
U-Url-Urls,1
U-Use-Use,1
U-Use-Used,1
U-Use-Usefuls,1
U-Use-User,1
U-Use-Username,1
U-Use-Users,1
U-Util-Util,1
U-Util-Utilities,1
U-Util-Utility,1
U-Util-Utils,1
V-Valid-Validate,1
V-Valid-Validating,1
V-Valid-Validator,1
V-Valu-Value,1
V-Valu-Values,1
V-Variant-Variant,1
V-Variant-Variants,1
V-Verb-Verbose,1
V-Verb-Verbs,1
V-Verifi-Verified,1
V-Verifi-Verifier,1
V-Version-Version,1
V-Version-Versioned,1
V-Vertic-Vertical,1
V-Vertic-Vertically,1
V-Video-Video,1
V-Video-Videos,1
V-View-View,1
V-View-Viewable,1
V-View-Viewer,1
V-View-Viewers,1
V-View-Viewing,1
V-View-Views,1
V-View-Viewsubview,1
V-Violat-Violating,1
V-Violat-Violation,1
V-Visit-Visit,1
V-Visit-Visited,1
V-Visit-Visitor,1
V-Visit-Visits,1
V-Vote-Vote,1
V-Vote-Voters,1
W-Watch-Watch,1
W-Watch-Watchdog,1
W-Watch-Watching,1
W-Web-Web,1
W-Web-Website,1
W-Web-Webview,1
W-White-White,1
W-White-Whitelist,1
W-Who-Who,1
W-Who-Whole,1
W-With-With,1
W-With-Without,1
W-Word-Word,1
W-Word-Wording,1
W-Word-Words,1
W-Work-Work,1
W-Work-Workaround,1
W-Work-Worker,1
W-Work-Workflow,1
W-Work-Working,1
W-Wrap-Wrapped,1
W-Wrap-Wrapper,1
W-Wrap-Wrapping,1
W-Write-Write,1
W-Write-Writer,1
Y-You-You,1
Y-You-Your,1
Z-Zoom-Zoom,1
Z-Zoom-Zooming,1
