A-ALAsset,1
A-ALabel,1
A-AListen,1
A-AProblem,1
A-AVMusic,1
A-AVPlayer,1
A-AYMTLog,1
A-AYMTTip,1
A-About,1
A-Above,1
A-Abstract,1
A-Acceleromet,1
A-Accent,1
A-Accept,1
A-Accumul,1
A-Acorn,1
A-Active,1
A-Activiti,1
A-Activity,1
A-Actual,1
A-Ad,1
A-Adapter,1
A-Adaptiv,1
A-Adaptor,1
A-Adjustment,1
A-Ads,1
A-Advertis,1
A-Affordanc,1
A-After,1
A-Agnostic,1
A-Agreement,1
A-Ahead,1
A-Ai,1
A-Airabl,1
A-Alert,1
A-Alpha,1
A-Already,1
A-Alway,1
A-Ambient,1
A-Amrok,1
A-An,1
A-Analyz,1
A-And,1
A-Anniversary,1
A-Answer,1
A-Any,1
A-Anyon,1
A-Anyth,1
A-Api,1
A-Archiving,1
A-Arg,1
A-Array,1
A-Arrow,1
A-As,1
A-Ask,1
A-Aspect,1
A-Associat,1
A-At,1
A-Atomic,1
A-Attempt,1
A-Audio,1
A-Auditor,1
A-Aura,1
A-Auxiliary,1
A-Availability,1
A-Availabl,1
A-Avatar,1
A-Averag,1
A-Avg,1
A-Avoid,1
A-Awesom,1
A-Axial,1
B-BLEAnd,1
B-BLEObject,1
B-BLEs,1
B-Balto,1
B-Basic,1
B-Beacon,1
B-Becka,1
B-Beeper,1
B-Befor,1
B-Began,1
B-Behavior,1
B-Behaviour,1
B-Behind,1
B-Bellerophon,1
B-Best,1
B-Between,1
B-Bezel,1
B-Bezier,1
B-Big,1
B-Binary,1
B-Bind,1
B-Bio,1
B-Bitrat,1
B-Blank,1
B-Bleed,1
B-Blob,1
B-Blue,1
B-Board,1
B-Body,1
B-Both,1
B-Bottom,1
B-Bouncy,1
B-Branch,1
B-Brand,1
B-Breakabl,1
B-Breakpad,1
B-Brendan,1
B-Broadcast,1
B-Bubbl,1
B-Built,1
B-Bulk,1
B-Bump,1
B-Bundl,1
B-Burn,1
B-Burst,1
B-By,1
B-Bylin,1
C-CDF,1
C-CDNRequest,1
C-CIContin,1
C-CIUser,1
C-CKCompon,1
C-CPUFilter,1
C-CPUInfo,1
C-CPULoad,1
C-CPULogger,1
C-CPUMetric,1
C-CPUPriorit,1
C-CPUTime,1
C-CTAAction,1
C-CTAAdmin,1
C-CTAButton,1
C-CTAClick,1
C-CTAConfirm,1
C-CTADeleg,1
C-CTAItem,1
C-CTALogger,1
C-CTASecondary,1
C-CTATabl,1
C-CTAView,1
C-Cajmer,1
C-Calendar,1
C-Carousel,1
C-Carrier,1
C-Cartoon,1
C-Caspian,1
C-Catalog,1
C-Categori,1
C-Category,1
C-Central,1
C-Certif,1
C-Characterist,1
C-Chevron,1
C-Child,1
C-Choic,1
C-Cinemagraph,1
C-Circl,1
C-Circular,1
C-Citi,1
C-City,1
C-Clairvoy,1
C-Claus,1
C-Clean,1
C-Clear,1
C-Click,1
C-Client,1
C-Clock,1
C-Clone,1
C-Clotheslin,1
C-Coding,1
C-Coeffici,1
C-Cohost,1
C-Cold,1
C-Collag,1
C-Colleg,1
C-Column,1
C-Commerc,1
C-Commit,1
C-Common,1
C-Compact,1
C-Comparison,1
C-Compound,1
C-Concret,1
C-Condit,1
C-Confetti,1
C-Consent,1
C-Constraint,1
C-Continu,1
C-Contol,1
C-Cooki,1
C-Copy,1
C-Copying,1
C-Core,1
C-Coring,1
C-Correct,1
C-Cost,1
C-Coupl,1
C-Coupon,1
C-Cours,1
C-Crappy,1
C-Credit,1
C-Critic,1
C-Crop,1
C-Cryptography,1
C-Currenc,1
C-Current,1
C-Cursor,1
C-Cycl,1
D-DDecod,1
D-DNSExperiment,1
D-DONOTUSE,1
D-DRExperiment,1
D-Dark,1
D-Date,1
D-Day,1
D-Debounc,1
D-Decay,1
D-Decis,1
D-Decrypt,1
D-Dedic,1
D-Defer,1
D-Deflat,1
D-Delgat,1
D-Delivery,1
D-Deprec,1
D-Depth,1
D-Deriv,1
D-Destroy,1
D-Diagnost,1
D-Dialog,1
D-Dictionary,1
D-Digit,1
D-Diod,1
D-Disambigu,1
D-Disappear,1
D-Disclaim,1
D-Disclosur,1
D-Discreet,1
D-Disk,1
D-Distanc,1
D-Divebar,1
D-Divid,1
D-Do,1
D-Dock,1
D-Document,1
D-Dollar,1
D-Done,1
D-Doubl,1
D-Draft,1
D-Driver,1
D-Dual,1
D-Dummy,1
D-Dupe,1
D-Durat,1
D-Dynam,1
E-EGODatabas,1
E-ESRView,1
E-Educat,1
E-Effect,1
E-Ego,1
E-Eligibility,1
E-Eligibl,1
E-Ellipsi,1
E-Email,1
E-Emerald,1
E-Empty,1
E-Encrypt,1
E-Engagement,1
E-Engine,1
E-Enhanc,1
E-Enlarg,1
E-Ensure,1
E-Enter,1
E-Entiti,1
E-Entity,1
E-Entry,1
E-Epik,1
E-Episod,1
E-Equal,1
E-Escape,1
E-Evaluat,1
E-Every,1
E-Exampl,1
E-Exclude,1
E-Exclusion,1
E-Exist,1
E-Expansion,1
E-Experiement,1
E-Expirat,1
E-Expire,1
E-Expiring,1
E-Explainer,1
E-Explanat,1
E-Exploding,1
E-Explore,1
E-Exponenti,1
E-Extensibl,1
E-External,1
E-Eyewit,1
F-FIGDialog,1
F-FOFTabl,1
F-FQLData,1
F-FQLHelper,1
F-FQLQuery,1
F-FQLUser,1
F-Facilit,1
F-Fade,1
F-Fading,1
F-Fake,1
F-Fallback,1
F-Fals,1
F-Family,1
F-Faraday,1
F-Fast,1
F-Felt,1
F-Fenc,1
F-File,1
F-Fine,1
F-First,1
F-Fit,1
F-Flexibl,1
F-Fli,1
F-Float,1
F-Fly,1
F-Flyout,1
F-Folder,1
F-Footer,1
F-Foundat,1
F-Foundry,1
F-Four,1
F-Fql,1
F-Frequenc,1
F-Frictionless,1
F-From,1
F-Front,1
G-GHack,1
G-GTMArray,1
G-GTMFile,1
G-GYMJUnit,1
G-GYSJExperiment,1
G-Gallery,1
G-Gap,1
G-Gating,1
G-Gaug,1
G-Gestur,1
G-Get,1
G-Give,1
G-Global,1
G-Glue,1
G-Glyph,1
G-Go,1
G-Gobbler,1
G-Going,1
G-Golden,1
G-Gps,1
G-Gradient,1
G-Grain,1
G-Grammar,1
G-Gravity,1
G-Greater,1
G-Green,1
G-Greet,1
G-Grid,1
G-Guardrail,1
G-Guesser,1
H-HLSDownload,1
H-HPYMKLoad,1
H-HScroll,1
H-HTTPCooki,1
H-HTTPFlow,1
H-Hairlin,1
H-Hangov,1
H-Happy,1
H-Har,1
H-He,1
H-Height,1
H-Hemingway,1
H-Hemispher,1
H-Here,1
H-Hero,1
H-Hidden,1
H-Hiding,1
H-Hierarchy,1
H-Histogram,1
H-History,1
H-Hit,1
H-Home,1
H-Horizont,1
H-Howfound,1
H-Http,1
H-Hub,1
H-Human,1
H-Hybrid,1
I-IOSApp,1
I-IPad,1
I-ITune,1
I-Id,1
I-Identity,1
I-Idle,1
I-Ignore,1
I-Immediat,1
I-Immutabl,1
I-Improvement,1
I-In,1
I-Inactiv,1
I-Inapp,1
I-Inbox,1
I-Include,1
I-Inclusion,1
I-Incoming,1
I-Inconsist,1
I-Increas,1
I-Indetermin,1
I-Indicat,1
I-Indirect,1
I-Individu,1
I-Infinit,1
I-Inline,1
I-Inner,1
I-Input,1
I-Insertion,1
I-Insight,1
I-Instagram,1
I-Instanc,1
I-Instant,1
I-Instrument,1
I-Intent,1
I-Intercept,1
I-Intermedi,1
I-Internal,1
I-Interpol,1
I-Interstiti,1
I-Intervent,1
I-Intrinsic,1
I-Invitat,1
I-Invocat,1
I-Ipad,1
I-Iris,1
I-Is,1
I-Island,1
I-Issue,1
I-Itms,1
J-JSDialog,1
J-JSONConvert,1
J-JSONDump,1
J-JSONKit,1
J-JSONPath,1
J-JSONProtocol,1
J-JSONRespons,1
J-Japanes,1
J-Java,1
J-Jewel,1
J-Job,1
J-Just,1
K-Ken,1
K-Kerner,1
K-Kit,1
K-Knight,1
K-Know,1
L-LPPHscroll,1
L-Lag,1
L-Languag,1
L-Larg,1
L-Last,1
L-Later,1
L-Launch,1
L-Lazy,1
L-Lead,1
L-Leav,1
L-Left,1
L-Legacy,1
L-Legales,1
L-Less,1
L-Liger,1
L-Lightweight,1
L-Lite,1
L-Live,1
L-Long,1
M-MAUAttachment,1
M-MLEEntry,1
M-MLEPublish,1
M-Machin,1
M-Magic,1
M-Main,1
M-Make,1
M-Mall,1
M-Manifest,1
M-Manipul,1
M-Manual,1
M-Maraud,1
M-Margin,1
M-Mask,1
M-Me,1
M-Merchant,1
M-Merger,1
M-Mesh,1
M-Messeng,1
M-Misc,1
M-Mismatch,1
M-Mobil,1
M-Mock,1
M-More,1
M-Mosaic,1
M-Most,1
M-Motion,1
M-Mountabl,1
M-Movabl,1
M-Move,1
M-Mqtt,1
M-Munger,1
M-Murat,1
M-Mutabl,1
M-Mute,1
M-Mutual,1
M-My,1
N-NBAddition,1
N-NZExperiment,1
N-Namd,1
N-Nativ,1
N-Nearby,1
N-Neck,1
N-Needy,1
N-Negat,1
N-Neue,1
N-Never,1
N-Next,1
N-Nil,1
N-No,1
N-Nop,1
N-Now,1
N-Null,1
N-Nux,1
O-OCMAddition,1
O-OGAction,1
O-OGRating,1
O-OLD,1
O-Observat,1
O-Observer,1
O-Of,1
O-Old,1
O-Omnistor,1
O-On,1
O-One,1
O-Onli,1
O-Only,1
O-Onsite,1
O-Op,1
O-Opacity,1
O-Optimist,1
O-Optin,1
O-Optout,1
O-Or,1
O-Organic,1
O-Orphan,1
O-Owned,1
P-P,1
P-P2,1
P-PDFMenu,1
P-PData,1
P-PDemux,1
P-PFrame,1
P-PHAsset,1
P-PImage,1
P-PLAHscroll,1
P-PLAs,1
P-POPAnimat,1
P-PPayment,1
P-Paid,1
P-Pair,1
P-Palett,1
P-Paper,1
P-Paragraph,1
P-Parallel,1
P-Parent,1
P-Parity,1
P-Patch,1
P-Payload,1
P-Paypal,1
P-Peer,1
P-Pend,1
P-Peopl,1
P-Phone,1
P-Pile,1
P-Pill,1
P-Plugin,1
P-Plus,1
P-Pocket,1
P-Pog,1
P-Polici,1
P-Policy,1
P-Pool,1
P-Poor,1
P-Popov,1
P-Popup,1
P-Portrait,1
P-Possibilities,1
P-Possibility,1
P-Power,1
P-Price,1
P-Prime,1
P-Priming,1
P-Privacy,1
P-Privat,1
P-Project,1
P-Promin,1
P-Promis,1
P-Properti,1
P-Property,1
P-Protocol,1
P-Proxy,1
P-Proxying,1
P-Prune,1
P-Pseudo,1
P-Ptr,1
P-Pud,1
P-Pull,1
P-Push,1
Q-QAnd,1
Q-Qrcode,1
Q-Quality,1
Q-Quantity,1
Q-Quaternary,1
Q-Query,1
Q-Queue,1
Q-Quiesenc,1
R-RCTDownload,1
R-RCTSRWeb,1
R-RCTView,1
R-RGBExperiment,1
R-RKI18n,1
R-RTCPresenc,1
R-RTCUser,1
R-Radial,1
R-Radio,1
R-Radius,1
R-Rageshak,1
R-Rally,1
R-Ramp,1
R-Rapid,1
R-Rating,1
R-Ratings,1
R-Ratio,1
R-Raw,1
R-Re,1
R-Rearrang,1
R-Reason,1
R-Receiv,1
R-Recipi,1
R-Regex,1
R-Region,1
R-Regular,1
R-Reiniti,1
R-Relev,1
R-Reliability,1
R-Rememb,1
R-Remix,1
R-Remot,1
R-Reopen,1
R-Replay,1
R-Reply,1
R-Repository,1
R-Reschedul,1
R-Research,1
R-Resend,1
R-Resolut,1
R-Retail,1
R-Retina,1
R-Retro,1
R-Retry,1
R-Retrying,1
R-Return,1
R-Revamp,1
R-Reveal,1
R-Revers,1
R-Rich,1
R-Ridg,1
R-Right,1
R-Rippl,1
R-Robin,1
R-Robotext,1
R-Rocket,1
R-Role,1
R-Root,1
R-Rsvp,1
R-Rtmp,1
R-Rule,1
S-SERPSearch,1
S-SRProcess,1
S-SRTCaption,1
S-SRTParser,1
S-SSLCertif,1
S-Safe,1
S-Sale,1
S-Sandbox,1
S-Saw,1
S-Scalabl,1
S-Scale,1
S-Scaling,1
S-Scatter,1
S-Scene,1
S-Schema,1
S-School,1
S-Score,1
S-Scrapbook,1
S-Script,1
S-Secondary,1
S-Segu,1
S-Sell,1
S-Semant,1
S-Sensor,1
S-Separ,1
S-Sequenc,1
S-Server,1
S-Shade,1
S-Shake,1
S-Shape,1
S-Sharing,1
S-Sheet,1
S-Shipment,1
S-Shoebox,1
S-Shop,1
S-Short,1
S-Should,1
S-Shutterstock,1
S-Side,1
S-Signal,1
S-Signatur,1
S-Signup,1
S-Silent,1
S-Similar,1
S-Simpl,1
S-Simul,1
S-Sinc,1
S-Sink,1
S-Site,1
S-Sizabl,1
S-Skip,1
S-Sliding,1
S-Slow,1
S-Small,1
S-Smart,1
S-Snowflak,1
S-Snowlift,1
S-Socket,1
S-Soft,1
S-Sold,1
S-Spacing,1
S-Spam,1
S-Span,1
S-Spark,1
S-Spars,1
S-Speed,1
S-Spell,1
S-Spend,1
S-Spent,1
S-Spinner,1
S-Splat,1
S-Split,1
S-Sport,1
S-Spotify,1
S-Spotlight,1
S-Spring,1
S-Squar,1
S-Stabil,1
S-Stabl,1
S-Standalon,1
S-Steal,1
S-Stencil,1
S-Stereo,1
S-Sticky,1
S-Stop,1
S-Storag,1
S-Stori,1
S-Story,1
S-Storylin,1
S-Strap,1
S-Street,1
S-Stretchabl,1
S-Strike,1
S-Strip,1
S-Stubbabl,1
S-Success,1
S-Suck,1
S-Sugesst,1
S-Summary,1
S-Supersect,1
S-Supplementary,1
S-Survey,1
S-Suspend,1
S-Suspens,1
S-Swallow,1
S-Swap,1
S-Swipabl,1
S-Swiping,1
S-Synthet,1
S-System,1
T-TAFOFInjection,1
T-TAInjection,1
T-TATabl,1
T-TCPPing,1
T-THApp,1
T-TOSCell,1
T-TOSCompon,1
T-TOSView,1
T-TVAiring,1
T-TVAirings,1
T-TVContent,1
T-TVPicker,1
T-TVProfil,1
T-TVSourc,1
T-TVSuggest,1
T-Tail,1
T-Taking,1
T-Talk,1
T-Tall,1
T-Tarif,1
T-Task,1
T-Technolog,1
T-Telephony,1
T-Termin,1
T-Theme,1
T-Thin,1
T-Third,1
T-This,1
T-Three,1
T-Threshold,1
T-Thrift,1
T-Throwback,1
T-Tilt,1
T-Timing,1
T-Tine,1
T-Tinsel,1
T-To,1
T-Toast,1
T-Today,1
T-Todo,1
T-Toggl,1
T-Tokyo,1
T-Tombston,1
T-Torso,1
T-Touch,1
T-Tour,1
T-Tracing,1
T-Tradit,1
T-Trailer,1
T-Trait,1
T-Transcod,1
T-Transient,1
T-Transpar,1
T-Trash,1
T-Tray,1
T-Trend,1
T-Triangl,1
T-Tripl,1
T-Truncat,1
T-Trust,1
T-Tube,1
T-Tune,1
T-Tunnel,1
T-Tupl,1
T-Tv,1
T-Tweak,1
T-Twiddler,1
T-Twitter,1
T-Two,1
T-Typahead,1
T-Typing,1
U-UDPPriming,1
U-UUIDManag,1
U-UUIDOverrid,1
U-Uber,1
U-Ufi,1
U-Un,1
U-Unabl,1
U-Unarchiv,1
U-Unavail,1
U-Unblacklist,1
U-Unblock,1
U-Underlay,1
U-Underlin,1
U-Unexpect,1
U-Unfoldabl,1
U-Unfriend,1
U-Unhide,1
U-Unifi,1
U-Uniform,1
U-Univers,1
U-Unknown,1
U-Unlike,1
U-Unmark,1
U-Unmount,1
U-Unown,1
U-Unpin,1
U-Unrank,1
U-Unread,1
U-Unregist,1
U-Unsafe,1
U-Unsave,1
U-Unseen,1
U-Unshare,1
U-Up,1
U-Upcoming,1
U-Updating,1
U-Uptime,1
U-Usage,1
U-Using,1
U-Ux,1
V-V1,1
V-V2,1
V-V3,1
V-V4,1
V-VCProtocol,1
V-VPVControl,1
V-VPVProvid,1
V-VScroll,1
V-Valiant,1
V-Vanity,1
V-Vault,1
V-Vect2,1
V-Vector,1
V-Veloc,1
V-Vendor,1
V-Venu,1
V-Verify,1
V-Verv,1
V-Vignett,1
V-Visibility,1
V-Visibl,1
V-Vision,1
V-Vist,1
V-Voic,1
V-Volum,1
V-Voting,1
W-WKWeb,1
W-Wait,1
W-Waldo,1
W-Wall,1
W-Want,1
W-Warden,1
W-Warm,1
W-Warn,1
W-Waterfal,1
W-We,1
W-Weak,1
W-Weather,1
W-Welcom,1
W-What,1
W-Which,1
W-While,1
W-Whistl,1
W-Width,1
W-Wifi,1
W-Wild,1
W-Window,1
W-Wire,1
W-Writing,1
W-Written,1
W-Wrong,1
X-Xout,1
Y-Year,1
Y-Yolo,1
Z-Zero,1
Z-Zip,1
Z-Zombi,1
m-maraudereventC,1
o-onstants,1
